company,added_date,description,website,headcount,employees,country,region,city,url_slug,ownership_type,founded,total_funding_m,last_funding_amount_m,last_funding_date,last_funding_type,last_funding_lead_investor,investor_type,investors,investment_count,company_address,growth_3mo_headcount,growth_6mo_headcount,growth_1yr_headcount,growth_2yr_headcount,growth_3yr_headcount,growth_4yr_headcount,growth_5yr_headcount,growth_3mo_web_traffic,growth_extra_1,growth_extra_2,source_page,source_row
Ignite,"Jul 28, 2025 12.57 PM","that provides solutions for compliance, is a sustainable procurement platform",ignite.no,51-200,,Norway,Oslo,Oslo,igniteprocurement,Venture Capital,2017,16.4,4.8,Nov 2023,Series,Arkwright X,nla,griegkapital.no,,"Nedre Vollgate 11; Sentrum; Oslo 0158,NO",2%,5%,18 %,14%,77%,212%,,,,,1,6
Sendcloud,"Jul 28, 2025 12.57 PM",that offers solutions shipping software provider fol e-commerce,sendcloud.com,201-500,466,Netherlands,North Brabant,Eindhoven,seindcloud,Private Equity,2012,200.9,177,"Sep 14, 2021",Series,HPE Growth,Corporate,SoftBank Investme,40,"Stadhuisplein 10; Eindhoven, North Brabant 5611 EM, NL",10%,9%,7%,12%,50%,142%,-8 %,,,,1,7
Nexite,"Jul 28, 2025 12.57 PM",specializing in loT and Al solutions for fashio_ retail technology company,nexite.io,51-200,,Israel,Tel Aviv,Tel,Aviv-Yafo,Venture Capital,2017,100,,May 2022,Series,Battery Ventures,nla,Saban Ventures,100,"126 Igal Alon; Tel Aviv, Tel Aviv, IL",5 %,10%,12%,,,,,,,,1,10
Deliverect,"Jul 28, 2025 12.57 PM",specializing in food tech solutions for_ technology provider,deliverect.com,201-500,453,Belgium,Flanders,Ghent,duliverecthq,Venture Capital,2018,236.8,150,"Jan 23, 2022",Series,Alkeon Capital,Corporate,Newion,150,"Foreestelaan 82 bus 101; Ghent, Flemish Region 9000, BE",1%,~2%,-4%,4%,6 %,-1%,124%,538%,-10%,,1,11
Celus,"Jul 28, 2025 12.57 PM",specializing in electronics design solutions I. CELUS GmbH is = technology company,celus.io,51-200,,Germany,Bavaria,Munich,caintunity,Venture Capital,2018,31.6,25.5,Jul % 2022,Series,2xN,nla,Plug and Play Tecl,,"RidlerstraBe 57; Munich, Bavaria 80339, DE",0%,24%,35%,116 %,236 %,266 %,55%,,,,1,12
Kinexon,"Jul 28, 2025 12.57 PM",specializing in industrial automation solution: KINEXON i technology company,kinexon.com,201-500,211,Germany,Bavaria,Munich,kinexon,Private Equity,2012,147.8,130,"Apr 25, 2022",Series,BMW i Ventures,nla,EIT Digital,29,"Schellingstr: 35; Munich, Bavaria 80799,DE",-4%,-10%,-11%,11%,-17%,-16 %,13%,23%,~20%,,1,13
Sendoso,"Jul 28, 2025 12.57 PM",Sendoso is specializes in personalized gifting solutions. corporate gifting service that,sendoso.com,201-500,399,United States,(USA),California,San Francisco,Venture Capital,2016,152.7,100,"Sep 13, 2021",Series,Craft Ventures,Corporate,Storm Ventures,43,"447 Battery St; Floor 2; San Francisco, California 94111, US",2%,-1%,1%,~2%,-2%,-16 %,-49%,43%,9%,,1,14
EXA Kehu,"Jul 28, 2025 12.57 PM",KEHU is a technology company specializing in distribution automation solutions: offers,kehutech.com,51-200,,China,Shanghai,Jing'An,kehutech,Venture Capital,2015,,,"Feb 26, 2019",Series,French Partners,nla,French Partners,,"#ZK, Ei4i 200000,CN",-3%,3%,6 %,,,,,,,,1,15
autone,"Jul 28, 2025 12.57 PM",specializing in inventory management _ Autone is white-collar service company,autone.io,51-200,,United Kingdom,(UK),England,London,Venture Capital,2021,21.2,16.9,"Oct 15, 2024",Series,2100 Ventures,nla,Motier Ventures,,"London, England, GB",5 %,27%,151%,420%,500%,-2%,,,,,1,16
Logcomex,"Jul 28, 2025 12.57 PM",Logcomex is a logistics technology company that provides software solutions for planning_,logcomex.com,201-500,386,Brazil,Parana,Industrial,Cidade,Private Equity,2016,44.5,33.6,"Nov 21, 2023",Series,Alexia Ventures,nla,bossa invest,,"andar; Curitiba, Parana",4%,6 %,12%,23%,14%,118 %,451%,,,,1,17
Elmt+RuaMtr A&),"Jul 28, 2025 12.57 PM","Shanghai Elitesland Software System Co., Ltd. consulting and software development__.",elitesland.com,"501-1,000",,China,Shanghai,Qingpu,sciftware-system _,Venture Capital,2004,14.9,22,May 2023,Series,songyuancap com,Corporate,songyuancap com,22,"137t2815887521+[R+OOLZATEZE; Amg, Lim, CN",-0%,8 %,3%,0%,5%,16 %,,,,,1,18
PT Esensi Solusi Buana (ESB),"Jul 28, 2025 12.57 PM",Esensi Solusi Buana that specializes in providing cloud-based _ technology company,esb.id,201-500,351,Indonesia,Banten,Tangerang,pI-esensi-solusi -,Private Equity,2018,39.6,,"Aug 28, 2022",Series,Alpha JWC Ventures,nla,Alpha JWC Ventur,,Tangerang; ID,3%,7%,-1%,1%,-12%,58 %,290%,5%,,,1,19
Zeroboard,"Jul 28, 2025 12.57 PM",Zeroboard Inc. and software solutions provider that: sustainability consulting,zeroboard.jp,51-200,,Japan,Tokyo,Minato City,#roboard,Venture Capital,2021,17.9,17.9,"Feb 26, 2023",Series,Coral Capital,nla,DBJ Capital,,"=0=TAS-27; RTMa=@vt> Eilpi1on; @E, RrT",-5%,-2%,6 %,57%,,,,,,,1,21
Simbe,"Jul 28, 2025 12.57 PM",specializing in retail solutions. They offer _ Simbe Robotics technology company,simberobotics.com,51-200,,United States,(USA),California,South San,Private Equity,2014,104,,"Oct 23, 2024",Series,eclipse capital,nla,Pillar VC,104,"385 Oyster Point Blvd; STE #2; South San Francisco, California",21%,51%,89%,167%,145%,152%,193%,5%,,,1,23
Aeb,"Jul 28, 2025 12.57 PM",AEB is a software company specializing in global trade ad logistics solutions They_,aeb.com,"501-1,000",871,Germany,Wurttemberg,Baden -,Stuttgart,Private Equity,1979,41.7,14.2,Aug 2009,Series,Agman,Corporate,Flagship Pioneerin,,"Sigmaringer StraBe 109; Stuttgart; Baden-Wirttemberg 70567,",1%,8 %,14%,26 %,31%,54%,59%,20%,,,1,24
Cheetah,"Jul 28, 2025 12.57 PM",specializing in eCommerce solutions for the. Cheetah is a technology company,gocheetah.com,51-200,129,United States,(USA),California,San Francisco,Venture Capital,2014,127.7,,,Series,FJ Labs,Corporate,Iconiq,,"351 9th Street; Suite 302; San Francisco, CA 94103,US",56 %,,,,,,,,,,1,25
Smartwyre,"Jul 28, 2025 12.57 PM",Smartwyre is an agricultural technology company that provides software solutions,smartwyre.com,51-200,,United States,(USA),Colorado,Denver,Venture Capital,2018,13.5,10.5,Sep 2021,Series,Anterra Capital,nla,Anterra Capital,,"2301 Blake St; Denver; Colorado 80205, US",-4%,-5%,3%,27%,97%,232%,361%,7%,,,1,28
Vesper,"Jul 28, 2025 12.57 PM",that provides businesses with real-time. Vesper i commodity intelligence platform,vespertool.com,51-200,116,Netherlands,North Holland,Amsterdam,vespertool,Venture Capital,2018,5.8,,"Nov 28, 2023",Series,Keen Venture Partners,nla,Piton Capital,,"Vijzelstraat 79; Amsterdam, Noord Holland 1017HG, NL",0%,3%,11%,38 %,39%,286 %,792%,,,,1,29
Pixibo,"Jul 28, 2025 12.57 PM",Pixibo is a technology company specializing in size and fit solutions for the fashion retail _,wearepixibo.com,11-50,,nla,Singapore,nla,nla,Venture Capital,2016,2.4,,"Feb 23, 2021",Series,Atlas Ventures,nla,starttoday jp,,"Feb 23, 2021",,,,,,,,,,,1,31
Livespace,"Jul 28, 2025 12.57 PM",Livespace is offers comprehensive platform designed - CRM software provider that,livespace.io,11-50,,Poland,Masovian,Voivodeship,Warsaw,Private Equity,2013,3.2,2.5,"Feb 29, 2024",Series,Aria,nja,Google for Startup,,"Rejtana; 17/12; Warszawa, Mazowieckie 02-516, PL",3%,1%,43%,73%,68 %,103%,126 %,-17%,,,1,33
Buffalo Market,"Jul 28, 2025 12.57 PM",specializing in the efficient distribution of_ Buffalo Market is food distributor,buffalomarket.com,11-50,,United States,(USA),California,San Francisco,Venture Capital,2019,42.2,18.5,Jul 2023,Series,Coughdrop Capital,nla,Evolution Venture:,,"800 Market Street; San Francisco, CA 94117, US",-11%,~21%,1%,~27%,-27%,36 %,39%,220%,,,1,35
Skydropx LATAM,"Jul 28, 2025 12.57 PM",Skydropx is specializes automating shipping processe: logistics software provider that,skydropx.com,201-500,444,Mexico,Nuevo Leon,Monterrey,s: kydropx,Venture Capital,2014,,,Aug 2022,Series,Angel Hub Ventures,Corporate,SIERRA Ventures,,"Padre Raymundo Jardo 925; Monterrey, Nuevo Leon 64000,MX",2%,3%,9%,20%,0%,30%,,,,,1,36
Epost Plus,"Jul 28, 2025 12.57 PM",specializing in eCommerce and L Epost technology solutions provider logistics Th_,epost.co,51-200,,Malaysia,Sabah,Kota Kinabalu,epostplus,Venture Capital,2019,2.3,1.5,"Jul 19, 2021",Series,nla,nla,Vynn Capital,,"Mile 5.5, Tuaran Road; Kota Kinabalu; Sabah; MY",4%,-8 %,-26 %,,,,,,,,1,37
Zero Gravity Ventures Ltd.,"Jul 28, 2025 12.57 PM",Sindabad com Ltd. is a that offers wide range of products includin_. commerce platform zerogravity combd Bangladesh Dhaka Dhaka,sindabad.com,201-500,,Bangladesh,Dhaka,Dhaka,zero-gravity-,Venture Capital,2015,,,"Feb 18, 2018",Series,frontierfundbd com,nla,frontierfundbd cor,,"Road 7, Block G; House 43; Dhaka, Dhaka 1213, BD",~2%,-5%,5%,-7%,-12%,~22%,30%,-44%,,,1,38
Higharc,"Jul 28, 2025 12.57 PM",Higharc = that offers an intelligent platform for homebuilding software provider,higharc.com,51-200,114,United States,(USA),New York,New York,Private Equity,2018,,,"Feb 14,2024",Series,Ferguson Ventures Inc,nla,tectonic vc,,"Anywhere, US OOOOO, US",0%,6 %,29%,86 %,159%,293%,660%,35%,,,1,39
Iunu,"Jul 28, 2025 12.57 PM",IUNU is an agricultural technology company that provides Al-assisted growing solutions.,iunu.com,51-200,,United States,(USA),Washington,Seattle,Venture Capital,2013,20,,"Apr 14, 2025",Series,Fcc,Fac,Corporate,20,"558 Ist Ave S; Seattle, WA 98103, US",4%,-7%,-12%,13%,73%,143%,155%,,,,1,40
Eden,"Jul 28, 2025 12.57 PM",Eden is provider that offers solutions for desk:_ workplace management software,edenworkplace.com,11-50,,United States,(USA),California,San Francisco,Venture Capital,2020,23,,"Mar 2, 2020",Series,spark jIl.com,Corporate,Redpoint,23,"351 California St; Suite 1100; San Francisco, California 94104, US",11%,-4%,4%,9%,20%,27%,-15%,,,,1,41
HypaShip,"Jul 28, 2025 12.57 PM",HypaShip is a logistics technology provider that offers modular; end-to-end platform __.,hypaship.com,51-200,,United Kingdom,(UK),England,Witney,Venture Capital,2011,,,Sep 2017,Series,Concentric,nla,ecIcapital com,,"OX29 OYN, GB",5 %,10%,16%,16 %,5%,-15%,,,,,1,43
Zubale,"Jul 28, 2025 12.57 PM",Zubale is a technology company specializing in e-commerce solutions. It offers software_,zubale.com,"501-1,000","1,299",Mexico,Mexico City,Mexico City,zlibale,Venture Capital,2018,119,,"Nov 29, 2023",Series,nla,Wollef,XFactc,119,"Mexico City, MX",6%,14%,34%,55%,152%,692%,551%,19%,,,1,44
Bizom,"Jul 28, 2025 12.57 PM",specializing in sales automation and . retail technology provider,bizom.com,201-500,522,India,Karnataka,Bengaluru,mobisy -,Venture Capital,2008,18.2,50,"Dec 17, 2024",Series,IndiaMART InterMESH Limi,nja,Pavestone VC,50,"Opp. Vakil Cardenia Apts, Bellandur; Bangalore, Karnata .",3%,6 %,10%,18 %,38 %,98 %,169%,,,,1,45
shipzero,"Jul 28, 2025 12.57 PM",specializing in emissions management _ Shipzero is a technology company,shipzero.com,51-200,,Germany,Hamburg,Hamburg,aupanion,Venture Capital,2018,8.7,,"May 26, 2024",Series,ETF Partners,The Environ,nla,,"Hamburg, 20457, DE",-3%,8 %,39%,113%,~73%,,,,,,1,46
ecoplanet,"Jul 28, 2025 12.57 PM",EcoPlanet Green Operations GmbH is an energy management company that offers.,ecoplanet.tech,51-200,102,Germany,Bavaria,Munich,ecoplanet-green-,Private Equity,2022,19.5,16.7,"Jan 19, 2025",Series,EQT Ventures,nia,EQT Ventures,,"MarsstraBe 46; Munich; Bavaria 80335, DE",20%,12%,104%,218 %,0%,,,,,,1,47
MI2107lz,"Jul 28, 2025 12.57 PM",MtaIu)LX is a logistics technology company that = specializes providing _,logiless.com,51-200,,Japan,Tokyo,Shinagawa City,giless,Venture Capital,2017,10.9,,"Feb 27, 2025",Series,CommerceMedia Inc:,nja,500 Global,,"0031, JP",16%,31%,61%,162%,320%,,,,,,1,49
Zuum App,"Jul 28, 2025 12.57 PM",Zuum Transportation Inc. software provider that offers logistics comprehensi .,zuumapp.com,51-200,,United States,(USA),California,Irvine,Corporate,2016,38.6,,Feb 2022,Series,Capital Partners Private We,nla,holmangrowthveni,,"18100 Von Karman Ave; Ste 10O; Irvine, California 92612, US",-18 %,~27%,-27%,~34%,34%,-28%,-49%,14%,-10%,,1,50
Inpulse,"Jul 28, 2025 12.57 PM",management and supplier ordering solution _ company that provides inventory,inpulse.ai,11-50,,France,ile-De-France,Paris,duepsight,Venture Capital,2018,7.7,,"Apr 18,2023",Series,High Flyers Capital,nla,High Flyers Capita,,"83, Boulevard de Sebastopol; Paris, ile-de-France 75002,FR",10%,17%,-8%,-8 %,31%,68 %,,,,,1,51
Gokomodo,"Jul 28, 2025 12.57 PM",company that provides an agricultural supply chain wide range of_,gokomodo.com,51-200,204,Indonesia,Jakarta,Jakarta,gukomodo,Venture Capital,2019,26,,Sep 2022,Series,East Ventures,nla,East Ventures,26,"North Tower; Lantai 18; Jakarta, DKI Jakarta 12930, ID",7%,18%,18 %,29%,161%,750%,754%,~37%,,,1,52
LevaData,"Jul 28, 2025 12.57 PM",software provider that specializes supply chain management direct _,ievadata.com,51-200,,United States,(USA),California,Pleasanton,Venture Capital,2013,65.5,,"Sep 12, 2021",Series,Banneker Partners,nla,Banneker Partners,,Floor;,-18 %,-27%,~57%,59%,~54%,28 %,,,,,1,54
Schittflix,"Jul 28, 2025 12.57 PM","Schuttflix is connects construction companies, material_. digital logistics platform that",schuettflix.de,51-200,,nla,Germany,North Rhine,Westphalia,Venture Capital,2018,116.8,51.1,"Aug 22, 2023",Series,DEVK Versicherungen,nla,Goldbeck,,"Aug 22, 2023",,,,,,,,,,,1,56
Zencargo,"Jul 28, 2025 12.57 PM",Zencargo is a logistics company specializing in digital freight forwarding and supply chain.,zencargo.com,201-500,140,United Kingdom,(UK),England,London,Venture Capital,2017,25,,"May 10, 2021",Series,HV Capital,nla,LocalGlobe,25,"London, GB",0%,1%,-4%,4%,23%,48%,-22%,40%,13%,,1,57
Alloy.ai,"Jul 28, 2025 12.57 PM",provides data integration and analytics _ Alloy.ai is white-collar service company that,alloy.ai,51-200,,United States,(USA),California,San Francisco,Venture Capital,2016,15.3,,"May 13, 2018",Series,8vc,nla,Menlo Ventures,,"528 Folsom St; San Francisco, California 94105, US",-3%,-9%,9%,20%,-13%,-19%,29%,,,,1,59
Opal,"Jul 28, 2025 12.57 PM",provides marketing technology company that comprehensive platform for_.,workwithopal.com,51-200,,United States,(USA),Oregon,Portland,Venture Capital,2011,22.6,12.5,"Dec 12, 2016",Series,Accel,Corporate,InterWest Partners,,"1060 NW 9th Avenue; Portland, OR 97209, US",5 %,-1%,-0%,1%,3%,2%,11%,-27%,,,1,60
iStore iSend,"Jul 28, 2025 12.57 PM","2o, ZozJ ea provider specializing in logistics and packin _ provider specializing commerce fulfillment logistics and packin .",istoreisend.com,51-200,182,Malaysia,Wviclayoic,Kuala Lumpur,Eeen,Venture Capital,2015,5.5,,"Jul 25, 2021",Series,Sceti,Global Brain Corporation,Sdcce,,"Selangor 47120, MY",-3%,4%,2%,5%,18 %,91%,149%,-8 %,,,1,61
Sindabad com,"Jul 28, 2025 12.57 PM","Jul 28, 2025 12.57 PM Sindabadcom Ltd. that offers Sindabad com Ltd. is a wide range of products includin_. wide range an e-commerce commerce platform products includin_. platform sindabad com",sindabad.com,"501-1,000",143,Bangladesh,Dhaka,Dhaka,ndabad-com,Venture Capital,2016,8.3,,"May 27, 2019",Series,Aavishkaar Capital,nla,Aavishkaar Capita,,"Khilkhet; Dhaka 1229; Dhaka,",41%,~1%,-1%,1%,-0%,-12%,27%,60%,-4%,4%,1,62
Method CRM,"Jul 28, 2025 12.57 PM",Jul 28 2025 12.57 PM Method Integration is a technology company Method Integration that offers = that offers customizable CRM solution __. customizable CRM solution__. 'technology company,method.me,51-200,105,HI Canada,Canada,Ontario,Toronto,Venture Capital,2010,9.5,,"Oct 31, 2015",Series,~nla,nla,nla,,"410 Adelaide St West; 3rd Floor; Toronto, Ontario MSV 158, CA",8 %,6%,6 %,7%,29%,54%,61%,94%,-29%,,1,63
TranZact,"Jul 28, 2025 12.57 PM",cloud-based inventory management solutio _. cloud-based inventory management solutio __ TranZact is : TranZact is software company that provides,letstranzact.com,11-50,,India,Maharashtra,Mumbai,letstranzact,Venture Capital,2017,,,"Dec 15, 2021",Series,axiomatic co.in,axiomaticco.in,nja,,"MIDC , Andheri East; Mumbai, Maharashtra 400096, IN",-1%,41%,43%,-3%,3%,1%,2%,162%,288 %,288%,1,65
Eaenu#IaEiXTRA,"Jul 28, 2025 12.57 PM","Jul 28, 2025 12.57 PM specializing in sales force automation. eBest Mobile is a technology company ~eBest Mobile = specializing in sales force automation _ technology company",ebestmobile.com,"501-1,000",,China,Shanghai,Shanghai,%e4%b8%8a%e6.,Venture Capital,2000,,,"Feb 28,2014",Series,Sinovation Ventures (@IMiI,Sinovation Ventures (@IMI,nla,,"m, Lwm 200030, CN",-6%,~6%,6 %,~6 %,~21%,221%,,,,,1,66
Stable,"Jul 28, 2025 12.57 PM",Stable is specializes specializes in supply chain solutions for_. risk management company that supply chain solutions for_.,stableprice.com,51-200,,Bermuda,Pembroke,Hamilton,stableprice,Venture Capital,2017,112.5,,"May 25, 2022",Series,Acrew Capital,nla,Syngenta,,"26 Victoria Street; Hamilton, Bermuda HM 12, BM",38%,38 %,-6 %,6 %,,,,,,,1,67
Spotio,"Jul 28, 2025 12.57 PM","28, 2025 12.57 PM SPOTIO offers solutions SPOTIO is a field sales software provider that field sales software provider that ~enhance sales productivit__. enhance sales productivit__.",spotio.com,51-200,,United States,(USA),Texas,Addison,Venture Capital,2014,4.5,,Jan 2020,Series,Ballast Point Ventures,nfa,nla,,"5057 Keller Springs Rd; Suite 325; Addison, Texas 75001, US",4%,13%,8 %,24%,67%,86 %,-21%,,,,1,68
"Beijing Freedo Technology Co , Ltd.","Jul 28, 2025 12.57 PM","Beijing Freedo Technology Co , Ltd. is a digital Beijing Freedo Technology Co , Ltd_ twin technology provider specializing in sma. twin technology provider specializing digital sma: .",freedoonline.com,201-500,,China,Beijing,Beijing,technology-co-Itd,Venture Capital,2016,17.5,56,"Dec 17, 2023",Series,nja,nla,nja,56,Beijing; CN,-33%,33%,83 %,83%,,,,,,,1,69
Cropin,"Jul 28, 2025 12.57 PM","Jul 28,2025 12.57 PM is an agriculture technology company that _ Cropin Technology Solutions Private Limited agriculture technology company that_. cropin com",cropin.com,201-500,190,India,Karnataka,Bengaluru,cropin-technology,Private Equity,2010,46.4,13.8,Dec 2022,Series,abcworld com.sg,nla,Invested Developn,25,"Karnataka 560029, IN",~2%,-2%,~8%,-8 %,-14%,-16 %,-16%,-24%,-6%,6 %,1,70
Worldia,"Jul 28, 2025 12.57 PM",offers platform for travel distributors to. platform for travel distributors to._ 'travel technology provider that travel technology provider that,worldia.com,51-200,207,France,ile-De-France,Paris,worldia,Venture Capital,2012,44,20,"May 10, 2023",Series,Banque des Territoires,nla,Red River West,20,"lanche; Paris, ile-de-France 75009, FR",0%,3%,22%,69%,149%,183%,1%,,,,1,71
Tinvio,"Jul 28, 2025 12.57 PM",reimagines how merchants and suppliers__ Tinvio ] BZB payment platform that,tinvio.com,51-200,,Singapore,nla,nla,tinivio,Venture Capital,2019,18.5,,"Jul 14, 2021",Series,AppWorks,nla,Partech,,"Singapore, SG",3%,1%,-7%,~25%,-65%,6 %,246%,,,,1,73
Grubtech,"Jul 28, 2025 12.57 PM",specializing in technology company restaura management__,grubtech.com,51-200,188,United Arab,Emirates,Dubai,Dubai,Venture Capital,2019,33.4,,"May 27, 2024",Series,Addition,nla,Jahez Internationa,,Al Abraj Street; 1201; Dubai; AE,4%,7%,22%,33%,40%,213%,840%,,,,1,74
SimpliRoute,"Jul 28, 2025 12.57 PM",that specializes in route optimization and fle. logistics software provider,simpliroute.com,51-200,123,Chile,Santiago,Providencia,si nplit-solutions,Venture Capital,2014,11.2,,Dec 2021,Series,nla,nla,Plug and Play Tecl,,"Metropolitana de Santiago 7510021, CL",3%,-4%,4%,-13%,8%,-27%,30%,127%,,,1,75
GoFreight,"Jul 28, 2025 12.57 PM",GoFreight is in freight forwarding solutions. They software company specia provide _. llizing,gofreight.com,51-200,,United States,(USA),California,Los Angeles,Venture Capital,2017,28,24.1,"Nov 12, 2022",Series,Cornerstone Ventures U4;,nla,LFX Venture Partn,28,"Los Angeles, US",~1%,~0%,-0%,2%,11%,-22%,44%,192%,-17%,,1,79
ChannelEngine,"Jul 28, 2025 12.57 PM",provides ecommerce solutions for brands ChannelEngine [ digital platform that,channelengine.com,51-200,193,Netherlands,South Holland,Leiden,channelengine,Private Equity,2013,57.2,49.9,"Mar 14, 2022",Series,Airbridge Equity Partners,Corporate,~silverpointventure:,20,"Vondellaan 47; Leiden, 2332AA , NL",1%,~0%,0%,-3%,3%,-19%,24%,121%,394%,12%,1,81
Leverage,"Jul 28, 2025 12.57 PM",Leverage Al is company that offers Al-powered solutions supply chain management,tryleverage.ai,51-200,,United States,(USA),New York,New York,Venture Capital,2018,9.9,23,"Jul 13, 2023",Series,Chicago Ventures,nla,Tensility Venture [,23,New York; US,~2%,16%,16 %,-10%,29%,400%,650%,-12%,,,1,82
Dorabot,"Jul 28, 2025 12.57 PM",~smart warehouse solutions: They design _ robotics company specializing in,dorabot.com,51-200,,United States,(USA),Georgia,Peachtree,Venture Capital,2015,,,"Feb 27, 2018",Series,Sinovation Ventures (@IMI,nla,Sinovation Venturt,,"Peachtree Corners, Georgia GA 30071, US",~1%,43%,3%,-7%,-26%,-44%,~37%,~32%,,,1,87
WitefmsimziR'A,"Jul 28, 2025 12.57 PM",#Wirt#FisrmtJiA] trading and data services company that _. steel,baochunsteel.com,51-200,,China,Hebei,Tangshan,%e5%94%90%e5_,Public,2010,7.3,7.3,"Jun 25, 2019",Series,nla,nla,nla,,"bWmbakrY iWv} #IL(0Mi69); EWm, patz 063000,",~20%,,,,,,,,,,1,89
Prokeep,"Jul 28, 2025 12.57 PM",that provides communication solutions for. customer engagement platform,prokeep.com,51-200,101,United States,(USA),Louisiana,New Orleans,Venture Capital,2016,34,,"Nov 10, 2024",Series,bensoncpcom,nla,S3vc com,34,"New Orleans, LA 70115, US",6 %,~8%,-8 %,2%,14%,80%,152%,304%,-4%,,1,98
Company,"Jul 28, 2025 12.57 PM",Akeneo in product information management (PIM) &. technology company specializing,akeneo.com,,,,,,,Private Equity,2013,196.4,135,"Mar 14, 2022",Series,Alven,Corporate,Kima Ventures,45,"place General Mellinet; NANTES, FRANCE 44100, FR",4%,7%,49%,93%,132%,-5%,,,,,1,101
Alegra,"Jul 28, 2025 12.57 PM",accounting and invoicing solutions software company that provides lored,alegra.com,201-500,681,Colombia,Antioquia,Medellin,alegra,Private Equity,2012,0.1,48,"Jul 10,2023",Series,Riverwood Capital,nla,Riverwood Capital,48,"Carrera 43C; 5-115; Medellin, Medellin 03100,CO",2%,28 %,22%,54%,132%,477%,751%,-12%,,,1,102
Flexe,"Jul 28, 2025 12.57 PM",flexible warehousing infrastructure and_. logistics company that provides,flexe.com,51-200,220,United States,(USA),Washington,Seattle,Private Equity,2013,263,119,"Jul 5,2022",Series,Activate Capital,nla,Redpoint,119,"4786 Ist Ave S; 106; Seattle, Washington 98134,US",41%,43%,~3%,-7%,~51%,~50%,-12%,49%,~45%,,1,103
Physna,"Jul 28, 2025 12.57 PM",specializes technology company that 3D geometric search and_.,physna.com,51-200,,United States,(USA),Ohio,Columbus,Private Equity,2015,,,"Jun 30, 2021",Series,GV (Google Ventures),nla,Drive Capital,,"250 West St; Columbus, Ohio 43215, US",~9%,-28%,~37%,-37%,~42%,~56%,~31%,27%,774%,,1,107
Everysens,"Jul 28, 2025 12.57 PM",specializing rail transport management logistics technology provider,everysens.com,51-200,,France,ile-De-France,Paris,~evrerysens,Venture Capital,2015,6.7,6.6,May 2023,Series,Aglae Ventures,nla,Kima Ventures,,"11 bis rue Beaurepaire; Paris, Ile-de-France 75010, FR",-2%,-12%,-10%,-18 %,10%,36 %,78%,148%,,,1,110
SELLinALL,"Jul 28, 2025 12.57 PM",Graas specializing in eCommerce analytics: data solutions company offer _.,graas.ai,201-500,,Singapore,nla,nla,~seiIl-in-all,Private Equity,2015,40,,"Aug 16, 2022",Series,ajcapital com,Corporate,yujventures com,40,"ebar Rd; Az@payalebar; Singapore, 409015,",-14%,-28%,336%,~82%,-73%,~59%,68%,,,,1,111
Proggio,"Jul 28, 2025 12.57 PM",Proggio is provider that offers project management software comprehensive platfor _,proggio.com,11-50,,Israel,Center,Kefar Sava,ploggio,Venture Capital,2015,,,"Apr 11, 2022",Series,2.0 Ventures,nla,Mangrove Capital,,"13 Hataas St;; Kfar Saba, Hasharon Distinct, IL",-11%,-15%,-31%,31%,-27%,10%,88 %,19%,,,1,114
Shippit,"Jul 28, 2025 12.57 PM",Shippit i provides multi-carrier shipping software and_ logistics technology company that,shippit.com,51-200,159,Australia,New South Wales,Sydney,shippit,Venture Capital,2014,79.4,46.2,May 2022,Series,Perennial Partners,Corporate,rtlgroupinvestmen,,"4-6 Bligh Street; Level 2; Sydney; New South Wales 2000, AU",4%,3%,~2%,2%,-15%,~7%,21%,117%,-6 %,,1,115
Goodshutfle,"Jul 28, 2025 12.57 PM",Goodshuffle Pro is a software company that provides event rental management solutions.,goodshuffle.com,11-50,,United States,(USA),District Of,Columbia,Venture Capital,2015,5.3,,Feb 2024,Series,FINTOP Capital,nla,FINTOP Capital,,,,,,,,,,,,,1,116
Webshippy,"Jul 28, 2025 12.57 PM",Webshippy i specializes fulfillment and dropshipping__ logistics company that,webshippy.com,51-200,,Hungary,nla,nla,ebshippy,Venture Capital,2016,,,"Jun 29,2022",Series,Day One Capital,nla,Hiventures,,"East Gate Business Park; C/2;; Fot; 2151, HU",~9%,-7%,-28%,~53%,2%,85%,,,,,1,119
Optilogic Inc.,"Jul 28, 2025 12.57 PM",that Optilogic is offers advanced solutions for supply- supply chain software provider,optilogic.com,51-200,,United States,(USA),Michigan,Ann Arbor,Venture Capital,2019,53,309,"Apr 7, 2025",Series,MK Capital,Corporate,MK Capital,309,"Main St; Ann Arbor; Michigan 48104, US",22%,38 %,67%,159%,284%,746%,075 %,42%,,,1,122
dolado,"Jul 28, 2025 12.57 PM",Dolado provider that connects sellers and industries_ digital marketplace and logistics,dolado.com,51-200,,Brazil,Sao Paulo,Sao Paulo,crimpredolado,Venture Capital,2020,12.2,,Apr = 2022,Series,Clocktower Ventures,nfa,Endeavor,,"Sao Paulo, BR",2 %,2%,5%,~31%,127%,,,,,,1,124
Vitally,"Jul 28, 2025 12.57 PM",Vitally is provides businesses with tools Customer Success atform that enhance.,vitally.io,51-200,116,United States,(USA),New York,Brooklyn,Venture Capital,2017,39.3,30,"Feb 21, 2023",Series,HubSpot,nla,HubSpot,30,"Brooklyn, NY 11249, US",18 %,14%,16 %,23%,146%,728%,954%,12%,,,1,126
YottaMark,"Jul 28, 2025 12.57 PM","Jul 28,2025 12.57 PM iFoodDS is a software company specializing in food safety, traceability, and quality __ food safety, traceability, ad quality_ yottamarkcom",yottamark.com,51-200,,United States,(USA),California,Redwood City,Private Equity,2005,45.1,,"Aug 14, 2012",Series,Series D,ataventures com,Corporate,,"1400 Bridge Parkway; Suite 101; Redwood City; CA 94065, US",-12%,12%,,,,,,,,,1,127
Scurri,"Jul 28, 2025 12.57 PM",Scurri is a delivery management software Scurri is provider that offers solutions Iike Scurri__. provider that offers solutions like Scurri _. delivery management software ~scurri com,scurri.com,51-200,,United States,(USA),Pennsylvania,Wexford,Venture Capital,2010,18.5,10.9,"Jun 14,2021",Series,Act Venture Capital,Corporate,Episode,,"Common Quay Street; Wexford, IE",~1%,~4%,-4%,4%,-1%,25%,42%,76%,76 %,33%,1,128
Proximity,"Jul 28, 2025 12.57 PM","JJul 28, 2025 12.57 PM Proximity is specializing in clienteling solutions for retail_ specializing in clienteling solutions for retail__ retail technology provider 'retail technology provider",proximityinsight.com,11-50,,(UK),United Kingdom,England,London,Venture Capital,2018,7.2,,"Mar 27, 2022",Series,Gresham House,Ventures,Corporate,,"Runway East, 52 Tabernacle Street; London, England ECZ A4NJ,",-7%,~7%,-9%,~9%,9%,-13%,~20%,7%,44%,-6%,1,129
Keen Decision Systems,"Jul 28, 2025 12.57 PM",analytics company analytics company that provides an Al _ {tha provides marketing Al-_,keends.com,11-50,,United States,(USA),North Carolina,Durham,Venture Capital,2010,17.9,,"Jul 18, 2022",Series,Ballast Point Ventures,nja,nla,,"27709, US",10%,18 %,-1%,13%,54%,72%,,,,,1,130
Kevala,"Jul 28, 2025 12.57 PM","Jul 28,2025 12.57 PM provides software solutions provides software solutions for grid_ an energy analytics company that energy analytics company that grid.",kevala.com,51-200,,United States,(USA),California,San Francisco,Venture Capital,2014,,,"Aug 30, 2021",Series,C5 Capital,nla,nja,,"550 California St; #625; San Francisco, California 94104, US",-12%,~40%,-40%,-20%,~20%,-26%,-35%,41%,177%,225%,1,131
Naologic,"Jul 28, 2025 12.57 PM",Naologic is Naologic / Al-enabled no-code platform for Al-enabled no-code platform software company that offers an software company that offers for building_ building_.,naologic.com,51-200,,United States,(USA),California,San Francisco,Venture Capital,2017,,,Jan 2023,Series,nja,nla,nla,,"San Francisco, California 94103, US",-9%,9%,-16%,-16 %,11%,42%,233%,,,,1,132
Ambition,"Jul 28, 2025 12.57 PM","28, 2025 12.57 PM Ambition is a sales coaching software provider that offers Ambition is sales coaching software comprehensive platfor _ comprehensive platfor __",ambition.com,51-200,,United States,(USA),Tennessee,Chattanooga,Private Equity,2013,21.2,15.5,"Oct 6, 2021",Series,Nashville Capital Network,nfa,nja,,"1603 Fagan St; Chattanooga, Tennessee 37408,US",1%,-1%,-4%,4%,~22%,-22%,~40%,40%,13%,-24%,1,133
Canibuild,"Jul 28, 2025 12.57 PM",canibuild innovative innovative site planning solutions for__. canibuild is cme software company that provides planning solutions fon ',canibuild.com,51-200,90,Australia,New South Wales,Barangaroo,verumtek,Venture Capital,2020,9.4,5.8,Mar 2022,Series,Evp,nja,nla,,"Barangaroo, New South Wales 2000,AU",-1%,~1%,~4%,-4%,4%,7%,-7%,50%,246%,542%,1,134
Kojo,"Jul 28, 2025 12.57 PM","Jul 28,2025 12.57 PM Kojo is material management solutions for the__ material management solutions for the: software company that provides",usekojo.com,51-200,159,United States,(USA),California,San Francisco,Venture Capital,2018,83.6,,"Sep 13, 2022",Series,8vc,nla,nja,,"San Francisco, California 94103, US",7%,13%,8 %,31%,62%,20%,,,,,1,135
Toucan,"Jul 28, 2025 12.57 PM",company that provides solutions for data__. company that provides solutions Toucan Toco is Toco data analytics software for data.,toucantoco.com,51-200,80,United States,(USA),Massachusetts,Boston,Venture Capital,2015,13.2,13.2,"Nov 27, 2019",Series,Balderton Capital,nla,nja,,"75 State St; Boston, Massachusetts 02109, US",1%,43%,~3%,3%,-6%,6%,6 %,~20%,-40%,~37%,1,136
Cascade,"Jul 28, 2025 12.57 PM",Cascade = offers ~offers comprehensive platform for strateg_ comprehensive platform for strateg .. strategy software company that,cascade.app,51-200,234,United States,(USA),New York,New York,Venture Capital,2016,20,,"Mar 20, 2022",Series,Carthona Capital,nfa,nja,20,"10005, US",9%,24%,-2%,~3%,3%,25%,46%,-11%,,,1,137
Explorate,"Jul 28, 2025 12.57 PM",Explorate is in freight forwarding and supply chain_. logistics company specializing,explorate.co,51-200,,Australia,Queensland,Fortitude Valley,exploratehq,Venture Capital,2017,,,"Jan 19, 2022",Series,Evp,nja,Cardinia Ventures,,"Valley , Queensland 4006, AU",~1%,-5%,5%,-11%,9%,175%,400%,,,,1,138
Replica,"Jul 28, 2025 12.57 PM",Replica is provides tools and datasets for transportatio__ data analytics company that,replicahq.com,51-200,,United States,(USA),Kansas,Leawood,Venture Capital,2019,,,"Apr 20, 2021",Series,Firebrand Ventures,nja,Sidewalk Labs (Pa,,"3610 W 95th Street; Leawood, KS 66206, US",41%,1%,-1%,-8%,-8 %,-21%,-41%,-10%,88 %,-17%,1,140
UserVoice,"Jul 28, 2025 12.57 PM",UserVoice is a software company that specializes in product feedback manageme,uservoice.com,11-50,,United States,(USA),North Carolina,Raleigh,Venture Capital,2008,9.6,7.5,"Sep 14,2015",Series,nia,nja,LocalGlobe,,"234 Fayetteville St; 3rd Floor; Raleigh, NC 27601,US",2%,-13%,~27%,-32%,,,,,,,1,143
WAR,"Jul 28, 2025 12.57 PM",provides pricing and supply chain solutions: 123N4R is plastic materials supplier that,zhaosuliao.com,201-500,,China,Guangdong,Guangzhou,%e6%89%be%es_,Venture Capital,2014,,,,Series,Horizons Ventures,nja,Zhen Shun Investr,"27,","510000, CN",-3%,42%,3%,15 %,25%,,,,,,1,144
Alleaves,"Jul 28, 2025 12.57 PM",cannabis technology solutions. They provid_ software company specializing in,alleaves.com,51-200,,United States,(USA),Florida,Fort Lauderdale,Venture Capital,2018,,,"Jul 18, 2022",Series,theelevenfund com,Corporate,~theelevenfundcon,,"6750 N Andrews Ave Suite 325; Fort Lauderdale; FL 33309, US",13%,23%,8 %,188 %,136 %,~87%,,,,,1,145
CBX Soitware,"Jul 28, 2025 12.57 PM",software provider that offers TradeBeyond supply chain management ~suite of__,cbxsoftware.com,201-500,161,Hong Kong,SAR,nla,nia,Venture Capital,1995,,,May 2022,Series,Baring Private Equity Asia,nja,Baring Private Equ,,,1%,3%,8 %,,,,,,,,1,146
EaswiaaXTRA,"Jul 28, 2025 12.57 PM",Shanghai Laoqin Information Technology Co Ltd. is a labor management software provide,coho.com,51-200,,China,Shanghai,Shanghai,%e4%b8%8a%e6_,Venture Capital,2014,15.2,14.5,"Dec 17, 2018",Series,China Growth Capital,nja,China Growth Cap,,6041;,12%,22%,,,,,,,,,1,148
Plecto Latinoamerica,"Jul 28, 2025 12.57 PM",performance management solutions through Plecto software company that provides,plecto.com,1-10,,Guatemala,Guatemala,Guatemala,City,Venture Capital,2012,1.5,1.5,"Jun 27, 2019",Series,Nordic Eye Venture,Grow,nja,,"Jun 27, 2019",-44%,,,,,,,,,,1,149
Optera,"Jul 28, 2025 12.57 PM",company that provides solutions for. carbon management software,opteraclimate.com,11-50,,United States,(USA),Colorado,Boulder,Venture Capital,2006,25.7,,"Sep 10, 2023",Series,AngelList,nja,Stout Street Capit:,,"1215 Spruce St; 201; Boulder; Colorado 80302, US",-29%,-25%,-22%,-17%,29%,200%,2%,,,,1,150
ArchiPro,"Jul 28, 2025 12.57 PM",customers with ArchiPro is digital platform that connects wide range products an:,archipro.co,51-200,128,New Zealand,Auckland,Auckland,archipro,Private Equity,2014,38.7,32.6,Mar 2022,Series,Icehouse Ventures,nja,Liger Trading NZ,,"Saint Georges Bay Road; Auckland, AUK, NZ",-3%,10%,-23%,-26%,62%,106%,,,,,1,151
Easyecom,"Jul 28, 2025 12.57 PM",specializing in eCommerce solutions It offer_ EasyEcom is a white-collar service company easyecomio 160 India Karnataka Bengaluru ealsyecom,solutions.it,51-200,160,India,Karnataka,Bengaluru,ealsyecom,Venture Capital,2015,,,Jan 2022,Series,nja,nja,boldbydesign com,,"BLOOMINGDALE LAYOUT, OPPOSITE QUETZEL,",5 %,11%,28%,35%,146%,290%,540%,,,,1,152
Wandelbots,"Jul 28, 2025 12.57 PM",that specializes in robotics software company providing innovative:,wandelbots.com,51-200,115,Germany,Saxony,Dresden,wandelbots,Private Equity,2017,122.2,84,"Jan 24, 2022",Series,83north,nja,SquareOne Ventur,84,"RayskistraBe 25; Dresden, Saxony 01219, DE",0%,3%,9%,-21%,-17%,13%,88 %,~52%,,,1,155
Staffinc Group,"Jul 28, 2025 12.57 PM",Staffinc specializes in labor supply ad HR services_ an outsourcing company that,staffinc.co,51-200,336,Indonesia,Jakarta,Jakarta,staffinc-group,Venture Capital,2018,3.9,3.9,"Aug 31, 2023",Series,Access Ventures,nja,Altara Ventures,24,"Tower; JI H.R Rasuna Said No.13, RT.ZIRW.2, Kuningan,",12%,28%,92%,166 %,,,,,,,1,159
NextBillion.a,"Jul 28, 2025 12.57 PM",specializing in logistics and route optimizati_ NextBillion.ai is a software company,nextbillion.ai,51-200,,Singapore,nla,Singapore,extbillion-ai,Venture Capital,2020,37.3,,"Sep 21, 2022",Series,Microsoft Accelerator,nja,Mirae Assets,,"Straits Vw; Marina South, Singapore 018978, SG",-10%,-16%,-23%,-13%,23%,97%,25%,,,,1,161
Logistics Operating,"Jul 28, 2025 12.57 PM",specializing in supply chain solutions. They__ Grydd logistics software provider,grydd.com,51-200,,United States,(USA),Washington,Seattle,Venture Capital,2018,0.9,,"Jun 30,2024",Series,BDev Ventures,nja,newchip com,,"2815 Elliott Ave; 10O; Seattle, Washington 98121, US",-9%,-6%,6 %,-17%,16 %,93%,480%,,,,1,162
Insite Al,"Jul 28, 2025 12.57 PM",specializing in advanced analytics ad_ Insite Al is an solutions provider,insite.ai,51-200,,United States,(USA),Arkansas,Bentonville,Venture Capital,2019,20.3,,"Oct 10, 2022",Series,AIM,Angel Investors Marll,nla,,"Bentonville, Arkansas 72712, US",3%,8%,8 %,-4%,4%,1%,116 %,318%,,,1,163
Hicx,"Jul 28, 2025 12.57 PM",provider that HICX is a supplier management software specializes enhancing-_,hicx.com,51-200,,United Kingdom,(UK),England,London,Venture Capital,2004,,,"Sep 14, 2022",Series,Wavecrest Growth Partner:,nla,Wavecrest Growth,,"Surrey Quays; 505; London; London SE8 SEN, GB",2%,-4%,-14%,4%,37%,63%,210%,39%,,,1,164
PlatformE,"Jul 28, 2025 12.57 PM","that offers the RIPE SDK, enabling business. Platforme software development company",platforme.com,11-50,,Portugal,Porto,Porto,platforme -,Venture Capital,2016,16.6,,"Oct 27, 2019",Series,nla,Corporate,pmeinvestimentos,,"Rua Sa da Bandeira; 605; Porto, Porto 4000-437, PT",~5%,5%,~15%,-15%,4%,11%,31%,,,,1,165
QueueBuster POS,"Jul 28, 2025 12.57 PM",offers QueueBuster is a technology company that comprehensive point-of-sale (POS)__,queuebuster.co,51-200,104,India,Uttar Pradesh,Noida,queuebuster-co,Venture Capital,2015,,,"Jun 12, 2022",Series,Chiratae Ventures,nla,DMI AIF - The Spa,,"Noida, Uttar Pradesh 201307, IN",41%,-0%,0%,6 %,11%,,,,,,1,166
Sales Layer,"Jul 28, 2025 12.57 PM",Sales Layer = specializes in Product Information. software company that,saleslayer.com,51-200,,Spain,Community,Valencian,Valencia,Venture Capital,2013,30.4,,"Jun 17, 2022",Series,PeakSpan Capita,nla,Swanlaab Venture,,"Luz; Planta 82; Valencia,",2%,4%,16 %,12%,76%,185 %,-26%,,,,1,167
BeyondTrucks,"Jul 28, 2025 12.57 PM",BeyondTrucks is specializes in providing transportation . software company that,beyondtrucks.com,51-200,,United States,(USA),California,San Francisco,Venture Capital,2019,,,"Sep 29, 2024",Series,Deep Tech Fund (an Alumn,nla,Pear VC,,"1 Ferry Bldg;; Suite 201; San Francisco, California 94111, US",10%,29%,55%,82%,287%,-59%,,,,,1,169
SourceDay,"Jul 28, 2025 12.57 PM",company that offers software solutions for__ supply chain management,sourceday.com,51-200,,United States,(USA),Texas,Austin,Venture Capital,2013,57.6,31.5,"Feb 14, 2022",Series,Deep Tech Fund (an Alumn,nla,ATX Venture Partn,,"9737 Great Hills Trail; Suite 10O; Austin; Texas 78759,US",-12%,-17%,-20%,-35%,-33%,2%,4%,-23%,,,1,171
Survicate,"Jul 28, 2025 12.57 PM",Survicate is offers tools for collecting and analyzing__. survey software provider that,survicate.com,51-200,,United States,(USA),nla,nla,Private Equity,2013,3.5,2.4,"Jul 19, 2021",Series,Airbridge Equity Partners,nla,SpeedUp Venture,,"ulica Przyrynek 14; Warsaw; MA 00-219, PL",5%,7%,3%,33%,115%,100%,~4%,,,,1,172
Jo,"Jul 28, 2025 12.57 PM",offers cloud-based solutions for businesses. Qoyod an accounting software provider that,qoyod.com,51-200,249,Saudi Arabia,Riyadh,Riyadh,wwyod-,Other Financial,2016,20,,"Dec 28, 2020",Series,Merak Capital,nla,Arzan Venture Car,20,Riyadh; SA,5%,13%,19%,76%,492%,896%,-11%,,,,1,174
Blaze,"Jul 28, 2025 12.57 PM",BLAZE is offers comprehensive suite of solutions fo_ cannabis software provider that,blaze.me,51-200,,United States,(USA),California,Anaheim,Venture Capital,2017,9.5,155,"Mar 30, 2021",Series,Act One Ventures,Corporate,Delta Emerald Ven,155,"Riverview Dr; STE 304; Anaheim; California 92808, US",~2%,2%,-19%,-23%,29%,170%,342%,~15%,,,1,176
Rhim Ewrrtra&,"Jul 28, 2025 12.57 PM",specializes in e-commerce solutions. The_ Kuaidi1oo logistics service provider that,kuaidi1oo.com,,,,,,,Venture Capital,2015,5.8,,"Mar 23, 2017",Series,nla,nla,nla,,"#TR4J); Rtim,r$A 518000,CN",20%,-40%,100%,~21%,,,,,,,1,177
Beroe Inc,"Jul 28, 2025 12.57 PM",Beroe is a procurement intelligence provider that offers Al-powered solutions to help.,beroeinc.com,"501-1,000",796,United States,(USA),North Carolina,Raleigh,Private Equity,2006,84,,May 2016,Series,Access Asset Managers Pr,Corporate,Access Asset Mar,84,"27606, US",1%,4%,10%,24%,35%,47%,56 %,-15%,,,1,178
Kz,"Jul 28, 2025 12.57 PM",Huoban specializes in providing digital solutions for__ software company that,huoban.com,"501-1,000",,China,Beijing,Beijing,%e4%bc%/99%e4_,Private Equity,2012,97.9,,"Dec 15, 2021",Series,Engage Capital,nla,trustbridgepartner,,"shangdisanjie; haidian; Beijing, beijing; CN",6%,9%,5%,~27%,,,,,,,1,179
Calendly,"Jul 28, 2025 12.57 PM",that provides Calendly is scheduling software company platform for automating__,calendly.com,"501-1,000",558,United States,(USA),Georgia,Atlanta,Venture Capital,,350.6,350,"Jan 25, 2021",Series,Iconiq,Corporate,OpenView,350,"271 I7th St NW; IOth Floor; Atlanta, Georgia 30363, US",~5%,-14%,~14%,-19%,6%,100%,253%,4%,,,1,184
Fabric,"Jul 28, 2025 12.57 PM",that provides innovative solutions for retailer__ an automated fulfillment company,getfabric.com,,,,,,,Private Equity,2015,336,200,"Oct 25, 2021",Series,Aliment Capital,nla,Koch Disruptive Te,200,"524 Broadway; New York, New York 10012, US",2%,9%,20%,33%,37%,89%,155%,-26%,,,1,185
Prewave,"Jul 28, 2025 12.57 PM",~company that offers solutions for risk__ supply chain management,prewave.com,201-500,237,Austria,Vienna,Vienna,plewave,Venture Capital,2017,98.1,67.5,"Jun 24,2024",Series,Creandum,nla,Hedosophia,30,"Rothschildplatz 4; 3rd Floor; Vienna, 1020 , AT",33%,7%,26%,119%,438%,085 %,533%,72%,,,1,186
CSEMREENRTJRA,"Jul 28, 2025 12.57 PM",3VJIA is design solutions for the home decoration a__ software company specializing in,3vjia.com,"501-1,000",183,China,Guangdong,Guangzhou,es%bg%bf%ea__,Venture Capital,2013,117.6,,"Jun 18, 2023",Series,FENFWree+TR,nla,FANFW#Z?,,"Cm,CSA510663, CN",39%,0%,~2%,18 %,84%,,,,,,1,188
Vinculum Group,"Jul 28, 2025 12.57 PM",specializing Vinculum Group is omnichannel retail technolog-- SaaS provider,vinculumgroup.com,201-500,550,India,Uttar Pradesh,Noida,Iculumgroup,Venture Capital,2007,,,"Jul 24, 2023",Series,Accel,nla,InnoVen Capital In,,"Sector 62; Noida, Uttar Prades __",~0%,~2%,2%,~6%,6 %,7%,8 %,12%,~24%,,1,189
Aiperia,"Jul 28, 2025 12.57 PM",supply chain optimization for the food__ AIPERIA is a software company specializing in,aiperia.com,51-200,,Germany,nla,nla,planerai,Venture Capital,2021,,,"Apr 17, 2024",Series,Earlybird Venture Capital,nla,LBBW Venture Cal,,"Gitterle 2; GroBrinderfeld, Baden-Wirttemberg 97950, DE",3%,1%,9%,,,,,,,,1,190
Tailor,"Jul 28, 2025 12.57 PM",that specializes Tailor is . software development company customizable ERP _,tailor.tech,11-50,141,United States,(USA),California,San Francisco,Private Equity,2021,26.3,,"May 19, 2025",Series,Anri,nla,Anri,,"San Francisco, CA, US",7%,42%,166 %,540%,466 %,-19%,,,,,1,191
ENXMIETRXTRA&,"Jul 28, 2025 12.57 PM",specializing in digital economy solutions. WelinkData technology service provider Th_.,welinkdata.com,51-200,,China,Shanghai,Shanghai,%e4%b8%8a%e6_.,Venture Capital,2007,9.6,4.5,"Nov 20, 2017",Series,nla,nla,dchien cn,,"200062, CN",~8 %,-8%,-11%,-17%,~32%,,,,,,1,192
Recurrency,"Jul 28, 2025 12.57 PM",specializes ERP automation solutions for__ software company that,recurrency.com,51-200,,United States,(USA),California,San Francisco,Venture Capital,2018,22.1,,"Jan 31, 2023",Series,9Yards Capital,nla,Combinator,,"San Francisco, California 94114,US",16 %,19%,61%,51%,35%,212%,16%,,,,1,195
everstox,"Jul 28, 2025 12.57 PM",~everstox is integrated logistics solutions for eCommerc__. logistics company that provides,everstox.com,51-200,,Germany,Bavaria,Munich,~everstox,Venture Capital,2019,22.4,,"Nov 24, 2021",Series,Acton Capital,nla,Acton Capital,,"GanghoferstraBe 68b; Munich, Bavaria 80339, DE",-16%,-12%,-7%,~20%,1%,190%,814%,20%,,,1,196
Burq,"Jul 28, 2025 12.57 PM",Burq is a delivery service company that provides on-demand and same-day delivery__,burqup.com,51-200,,United States,(USA),California,San Francisco,Venture Capital,2021,10.5,10.5,"May 23, 2024",Series,Deep Tech Fund (an Alumn,nla,Bdmi,,"May 23, 2024",5%,8%,8 %,61%,182%,393%,028%,,,,2,3
Activities,"Jul 28, 2025 12.57 PM",BeMyGuest Pte. Ltd. is a technology provider specializing solutions for the travel::.,bemyguest.com,51-200,,Singapore,nla,nla,bumyguest-travel,Venture Capital,2012,,,"Jun 23, 2019",Series,nla,Corporate,Tidesquare,,"Singapore; Singapore, SG",~4%,~8 %,-8%,-10%,~2%,32%,41%,24%,~49%,,2,4
Saltmine,"Jul 28, 2025 12.57 PM","Saltmine is - that integrates data, people, and processes workplace optimization platform",saltmine.com,51-200,129,United States,(USA),California,San Francisco,Venture Capital,2016,,,"Dec 10, 2024",Series,Rigel Capital Management,nla,Xplorer Capital,,"601 California St; San Francisco, California 94108, US",3%,10%,,,,,,,,,2,5
Printerous,"Jul 28, 2025 12.57 PM",specializing in print and packaging solutions_. BZB e-procurement platform,printerous.com,51-200,,Indonesia,~Jakarta,West Jakarta,plinterous,Venture Capital,2015,,,"Feb 13, 2020",Series,AddVentures by SCG,nla,gdpventure com,,"Raya Kebayoran Lama No.333 A-B, Kebayoran Lama_",-10%,-18 %,-23%,~43%,~66%,~70%,68 %,,,,2,7
carbmee,"Jul 28, 2025 12.57 PM",that specializes Carbmee carbon management company providing automated__.,carbmee.com,51-200,,Germany,Berlin,Berlin,cairbmee,Venture Capital,2021,,,Dec 2024,Series,CommerzVentures,nla,Fly Ventures,,"Rosenthaler StraBe; 36; Berlin, 10178,DE",22%,44%,60%,50%,75%,800%,,,,,2,8
RRR-1*04405#+8,"Jul 28, 2025 12.57 PM",Mengxiang Technology platform that provides intelligent distribution__. ~commerce,aikucun.com,"1,001-5,000",,China,Shanghai,Shanghai,% e79/88%b1%e5_,Venture Capital,2014,212.5,110,"Oct 25, 2018",Series,GGV Capital,nla,Legend Capitallta,110,"Oct 25, 2018",35%,,,,,,,,,,2,9
Kraaft,"Jul 28, 2025 12.57 PM",in construction project management solutio__ Kraaft is - software company that specializes,kraaft.co,11-50,,France,ile-De-France,Paris,kraaft-co,Venture Capital,2020,16.8,13.5,"Jan 20, 2025",Series,Brick =,Mortar Ventures,nla,,"99, Rue La Fayette; Paris, Ile-de-France 75010, FR",9%,51%,64%,115%,124%,211%,366%,,,,2,10
DOSS.COM,"Jul 28, 2025 12.57 PM",Doss in providing enterprise resource planning_. software company that specializes,doss.com,11-50,,United States,(USA),California,San Francisco,Venture Capital,2019,23.4,,"Apr 14, 2025",Series,20sales.vc,nla,2sales vc,,"San Francisco, CA, US",10%,35%,157%,285%,311%,,,,,,2,11
mater,"Jul 28, 2025 12.57 PM",m3ter is usage-based billing solutions for BZB_. software company specializing in,mater.com,51-200,,United Kingdom,(UK),England,London,Private Equity,2020,31.5,,"Apr 26, 2023",Series,Insight Partners,nla,Notion Capital,,"London, GB",~5%,-7%,-16%,-16 %,4%,50%,410%,,,,2,12
Napta,"Jul 28, 2025 12.57 PM",Napta is a staffing solution provider that offers comprehensive platform for staffing and_.,napta.io,51-200,,France,ile-De-France,Paris,pickyourskills,Venture Capital,2016,9.9,8.8,"Mar 21, 2022",Series,Kerala Ventures,nla,Kerala Ventures,,"63, Rue Saint-Sabin; Paris, ile-de-France 75011, FR",1%,~4%,4%,~2%,12%,0%,,,,,2,13
Sprig,"Jul 28, 2025 12.57 PM",in product experience management software company that - specializes ofters _.,sprig.com,51-200,256,United States,(USA),California,San Francisco,Venture Capital,2019,,,Aug 2022,Series,Accel,nla,Accel,,"71 Stevenson St; San Francisco, California 94105, US",2%,208%,232%,276%,146%,333%,,,,,2,14
Builder Prime,"Jul 28, 2025 12.57 PM",provides an all-in-one CRM and estimating__. software company that,builderprime.com,11-50,,United States,(USA),New York,Staten Island,Private Equity,2016,,,"May 30, 2023",Series,Blueprint Equity,nla,Blueprint Equity,,"Staten Island; NY 10314, US",10%,13%,57%,477%,633%,500%,17%,,,,2,15
Agrivi,"Jul 28, 2025 12.57 PM",AGRIVI is in digital agriculture solutions technology company specializing offers a .,agrivi.com,51-200,,United Kingdom,(UK),England,London,Venture Capital,2013,7.3,5.3,"Nov 16, 2020",Series,AgriTech Hub Fund,Corporate,Fil Rouge Capital,,"Wenlock Road 20-22; London; England N1 7GU, GB",2%,-7%,-2%,~25%,~34%,~2%,5%,332%,,,2,17
CartonCloud,"Jul 28, 2025 12.57 PM",that offers cloud-based solutions for__ CartonCloud is a logistics software provider,cartoncloud.com,51-200,,Australia,Queensland,Burleigh Heads,cairtoncloud,Venture Capital,2014,10.8,8.5,"Jan 30, 2022",Series,nla,nla,qic comau,,"27-29 Dover Drive; Burleigh Heads, QLD 4220, AU",1%,3%,10%,44%,116 %,209%,11%,,,,2,18
Eturnity AG,"Jul 28, 2025 12.57 PM",Eturnity AG is specializing in renewable energy solutions. software company,eturnity.ch,51-200,,nla,Switzerland,Grisons,Chur,Private Equity,2012,8.8,8.8,,Series,Alantra,nla,Venture Kick,,,,,,,,,,,,,2,19
Chain.io,"Jul 28, 2025 12.57 PM",specializes Chain.io is a logistics software provider that integration solutions for the.,chain.io,11-50,,United States,(USA),Pennsylvania,Philadelphia,Venture Capital,2017,,,"Jun 14, 2022",Series,Eve Atlas,nla,Eve Atlas,,"399 Market Street; Suite 360; Philadelphia; PA 19106,US",~3%,-11%,11%,~17%,-17%,~33%,~34%,18 %,146%,128 %,2,20
Deck Commerce,"Jul 28, 2025 12.57 PM",specializing in order management systems technology provider,deckcommerce.com,11-50,,United States,(USA),Missouri,St: Louis,Venture Capital,2015,12.5,7.8,"Oct 11, 2021",Series,Plymouth Growth,nla,Arsenal Capital M:,,"Brentwood Blvd; St Louis, Missouri, US",-4%,-12%,-10%,18 %,~24%,46%,148%,,,,2,21
Ttez (New Core Tech),"Jul 28, 2025 12.57 PM","Shanghai Niuku Information Technology Ltd. is a technology solutions provider __ Co,,",xinheyun.com,51-200,,China,Shanghai,Shanghai,xinheyun,Venture Capital,2014,54.2,30.9,"Aug 22, 2021",Series,Cowin Venture Capital,nla,IDG Capital,,"QWA_61078; Exm, :wm 200000, CN",9%,43%,91%,187%,,,,,,,2,22
Cradle Technology Services (Pty) Ltd,"Jul 28, 2025 12.57 PM",solutions provider specializing in barcoding_. Cradle Technology Services technology,cradle.co,11-50,,South Africa,Western Cape,Cape Town,cradle-technology-,Venture Capital,2000,,,"Jul 7, 2019",Series,Knife Capital,nla,Knife Capital,,"Olive Grove Business Park; Old Paardevlei Road,",-4%,4%,~4%,11%,,,,,,,2,23
Camunda,"Jul 28, 2025 12.57 PM",specializes workflow and decision . software company that,camunda.com,"501-1,000",550,Germany,Berlin,Berlin,caimunda-services -,Private Equity,2008,126.2,97.8,"Mar 21, 2021",Series,Highland Europe,nla,Highland Europe,,"Strasse 55-58; Berlin, Deutschland 10961,DE",2%,6%,16 %,50%,75%,93%,202%,-9%,,,2,24
BuyCo,"Jul 28, 2025 12.57 PM",BuyCo is in container shipping solutions. logistics platform that specializes offers a .,buyco.co,51-200,,France,Provence-Alpes -,Cote D'Azur,Marseille,Venture Capital,2015,9.7,,"Jul 23, 2023",Series,Banque Populaire du Sud,nla,Cma Cgm,,"37 bld Paul Peyral; MARSEILLE, PACA 13006, FR",33%,10%,12%,-13%,1%,28%,106%,,,,2,25
paretos,"Jul 28, 2025 12.57 PM",in decision intelligence solutions. It offers AI__. Paretos technology company speciae lizing,paretos.com,51-200,,Germany,Wurttemberg,Baden -,Heidelberg,Private Equity,2020,19.8,,"Oct 27, 2024",Series,Acton Capital,nla,UVC Partners,,"Palo-Alto Platz 13; Heidelberg, Baden-Wurttemberg 69124,DE",3%,23%,52%,70%,431%,,,,,,2,26
Enode,"Jul 28, 2025 12.57 PM",provides API solutions for connecting and_ an energy technology company that,enode.com,11-50,,Norway,Oslo,Oslo,eriode-io,Venture Capital,2020,17.2,,Nov 2022,Series,BoxGroup,nla,lowercarboncapita,,"Inkognitogata; Oslo, NO",3%,7%,20%,66 %,252%,650%,900%,45%,,,2,27
LoyaltyLion,"Jul 28, 2025 12.57 PM",LoyaltyLion is offers software solutions to enhance: loyalty program provider that,ioyaltylion.com,51-200,,United Kingdom,(UK),England,London,Venture Capital,2012,7.3,,Feb 2021,Series,Kennet Partners,nla,Downing,,"20 Farringdon Street; London; England EC4A 4AB, GB",~5%,5%,~2%,~20%,-29%,-17%,73%,0%,,,2,28
Lucidchart,"Jul 28, 2025 12.57 PM",Lucid Software Inc. is that offers web-based diagramming_ software company,lucidchart.com,"1,001-5,000","1,229",United States,(USA),Utah,South Jordan,Venture Capital,2010,228,,"Feb 28, 2021",Series,nla,nla,500 Global,228,"Feb 28, 2021",~21%,,,,,,,,,,2,29
ane(ttz)ee#XTir4&,"Jul 28, 2025 12.57 PM",YMNE (1t3) {8R2XTIRA] technology company specializing digital__.,techbloom.net,51-200,,China,Beijing,Beijing,%e5%8c997%e4_,Venture Capital,2011,,,Jan 2023,Series,Susquehanna Asia Venture,nla,A-capital com cn,,"1t5m 100176, CN",5%,46%,35%,72%,,,,,,,2,30
Apicbase,"Jul 28, 2025 12.57 PM",comprehensive F&B management platform __ software company that provides,apicbase.com,51-200,,Belgium,Flanders,Antwerp,apicbase,Venture Capital,2017,8.5,,"May 18, 2021",Series,Ark Angels Activator Fund,nla,Newion,,"Samberstraat 3; Antwerp, Flemish Region 2060, BE",-4%,~9%,9%,-16%,-16 %,~27%,17%,51%,,,2,31
Epic Gardening,"Jul 28, 2025 12.57 PM",Epic Gardening is a gardening supply retailer that offers wide range of products includin__.,epicgardening.com,51-200,,United States,(USA),Colorado,Broomfield,Venture Capital,2013,17.5,17.5,"Dec 20, 2021",Series,Tcg,Corporate,Tcg,,"660 Compton St; Broomfield, Colorado 80020, US",7%,4%,24%,94%,323%,340%,500%,-10%,,,2,32
Earri#WEE TRA,"Jul 28, 2025 12.57 PM","Shanghai Fineex Supply Chain Management Co , Ltd_ logistics company that__.",fineex.com,"501-1,000",,China,Shanghai,Shanghai,le4%b8%8a%e6_,Venture Capital,2006,160.8,,"Jun 15, 2023",Series,nla,nla,P#LERECi?,,"2Wb218588535*71+3217-32272; EXem, ENm",1%,-9%,~34%,30%,,,,,,,2,34
Distru,"Jul 28, 2025 12.57 PM",Distru is : cannabis ERP solutions: It offers a_ software company specializing in,distru.com,11-50,,United States,(USA),California,Oakland,Venture Capital,2016,,,"Nov 19, 2024",Series,Global Founders Capital AF,nla,Poseidon Investma,,"330 Znd St:; Oakland, CA 94607, US",13%,25%,40%,59%,96%,180%,-28%,,,,2,35
Threecolts,"Jul 28, 2025 12.57 PM",ecommerce solutions for retail vendors an__. software company specializing,threecolts.com,"501-1,000",303,United Kingdom,(UK),England,London,Venture Capital,2021,90.7,90.7,Mar 2023,Series,coventure.Vc,Corporate,Stratos Technolog,,"London, GB",10%,33%,124%,248%,657%,000%,431%,,,,2,36
"Logile, Inc.","Jul 28, 2025 12.57 PM",Logile is offers software solutions for labor_. retail technology provider that,logile.com,201-500,212,United States,(USA),Texas,Southlake,Private Equity,2005,32,2600,"Jan 30, 2023",Series,Sixth Street,nla,Sixth Street,32,"Southlake Blvd ; Suite 120; Southlake, TX 76052, US",1%,~2%,2%,~6%,6%,3%,28%,55%,-28%,,2,37
Hivery,"Jul 28, 2025 12.57 PM",HIVERY is a retail technology company specializing in Al-driven solutions for_.,hivery.com,51-200,,Australia,New South Wales,Surry Hills,hivery,Private Equity,2015,43.4,29.2,"Jul 13, 2022",Series,ASI Growth Partners,nla,The Coca-Cola Cc,,"Surry Hills, New South Wales 2010, AU",~66%,90%,98 %,~97%,89%,,,,,,2,38
ClimateAi,"Jul 28, 2025 12.57 PM",that offers advanced Al-driven solutions for__. ClimateAi is - climate intelligence provider,climate.ai,51-200,,United States,(USA),California,San Francisco,Venture Capital,2017,38.2,,"Apr 12, 2023",Series,academyinvestorcom,Venture Capital,FootPrint Coalition,,"353 Sacramento St; San Francisco, California 94111, US",6%,~31%,~33%,-15%,37%,218 %,69%,,,,2,39
Onfleet,"Jul 28, 2025 12.57 PM",specializing in last mile delivery solutions T_ Onfleet is a logistics software provider,onfleet.com,51-200,,United States,(USA),California,San Francisco,Private Equity,2015,41.9,,,Series,Almanac,nla,Sgh,,"717 California St; San Francisco, California 94108, US",5%,2%,7%,-12%,~25%,6%,137%,-23%,,,2,40
Inspectorio,"Jul 28, 2025 12.57 PM",specializing in supply chain management__. technology solutions provider,inspectorio.com,201-500,237,United States,(USA),Minnesota,Minneapolis,Private Equity,2015,65.8,32,"Jan 30, 2022",Series,bossa invest,nla,bossa invest,225,"6th St ; Suite 3900; Minneapolis, Minnesota MN 55402,",1%,0%,2%,9%,3%,44%,75%,30%,,,2,41
Easyship,"Jul 28, 2025 12.57 PM",offers eCommerce businesses tools to Easyship is shipping software provider that,easyship.com,51-200,163,United States,(USA),New York,New York,Venture Capital,2015,,,"Nov 28, 2018",Series,500 Global,nla,500 Global,,"61 Broadway; Suite 1705; New York; New York 10006, US",~2%,2%,-7%,-17%,7%,48%,96%,,,,2,42
SpaceFill,"Jul 28, 2025 12.57 PM",Spacefill is a logistics technology provider that offers 3PL management platform__,spacefill.fr,51-200,,nia,France,ile-De-France,Paris,Private Equity,2018,23.2,,"Mar 15, 2022",Series,Bonsai Partners,nla,NGP Capital,,"Mar 15, 2022",~4%,,,,,,,,,,2,43
Deskera,"Jul 28, 2025 12.57 PM",Deskera is = offers integrated solutions for accounting;_ business software provider that,deskera.com,51-200,125,United States,(USA),Minnesota,Minneapolis,Venture Capital,2008,182.8,,"Jul 15, 2024",Series,Jungle Ventures,nla,InnoVen Capital In,,"729 N Washington Ave; 6th Floor; Minneapolis, MN 55401, US",~6%,-14%,-23%,-29%,30%,~25%,~54%,5%,,,2,44
Vertuoza,"Jul 28, 2025 12.57 PM",software provider that offers construction management comprehensi_.,vertuoza.com,51-200,107,Belgium,Wallonia,Nivelles,Veirtuoza,Venture Capital,2020,11.9,10.5,"Oct 12, 2023",Series,Fortino Capital,nla,XAnge,,"16 Rue Louis Braille; Nivelles, 1400, BE",2%,11%,33%,48%,189%,723%,250%,-13%,,,2,45
Crisp,"Jul 28, 2025 12.57 PM",provides data analytics company that collaborative commerce platform__,gocrisp.com,201-500,260,United States,(USA),Arkansas,Bentonville,Venture Capital,2016,128,,"Sep 24, 2024",Series,Cox Enterprises,Corporate,Evolution Venture:,128,"Bentonville, AR 72764, US",31%,39%,53%,120%,154%,312%,504%,21%,,,2,46
Emitwise,"Jul 28, 2025 12.57 PM",that provides solutions for businesses to tra_. carbon management company,emitwise.com,51-200,,United Kingdom,(UK),England,London,Venture Capital,2019,,,"Mar 30, 2022",Series,ArcTern Ventures,nla,Saltwater,,"Mar 30, 2022",,,,,,,,,,,2,48
ABM Cloud,"Jul 28, 2025 12.57 PM",provides cloud based solutions for business_ ABM Cloud is = technology company that,abmcloud.com,51-200,150,Estonia,Harju,Tallinn,%e2%80%93 -_,Venture Capital,2014,,,"Dec 20, 2020",Series,nla,nla,nla,,"Tartu highway; 2; Tallinn, EE",~1%,4%,10%,8%,9%,,,,,,2,50
Alvys,"Jul 28, 2025 12.57 PM",Alvys is a software company that specializes in transportation management solutions. It..,alvys.com,51-200,134,United States,(USA),California,Solana Beach,Venture Capital,2020,26.8,20.5,"Jul 14, 2024",Series,Bonfire Ventures,nla,Picus Capital,,"Solana Beach; CA 92075, US",-10%,~6%,6%,17%,67%,103%,575%,~20%,,,2,52
Omnea,"Jul 28, 2025 12.57 PM",that offers Omnea is a procurement automation provider suite of software solutions__.,omnea.co,51-200,,United Kingdom,(UK),England,London,Venture Capital,2022,20,,"Oct 13, 2024",Series,Accel,nla,Point Nine,20,"London, GB",48%,71%,154%,456%,800%,13%,,,,,2,53
Pricemoov,"Jul 28, 2025 12.57 PM",offers solutions for price management __ Pricemoov is pricing software provider that,pricemoov.com,51-200,,France,ile-De-France,Paris,plicemoov,Venture Capital,2016,,,"Apr 11, 2023",Series,Bpifrance,nla,Kima Ventures,,"37 Avenue Trudaine; Paris, France 75009, FR",~6%,-21%,~48%,~69%,~72%,~46%,~34%,23%,,,2,54
melonn,"Jul 28, 2025 12.57 PM",Melonn is = fulfillment services for logistics company specializing in ~commerce and:_,melonn.com,51-200,247,Colombia,Antioquia,Puerto Nare,melonn,Venture Capital,2020,24.5,22,Feb 2022,Series,Global Founders Capital AF,nla,Wollef,22,"Medellin; Antioquia 050022, CO",~5%,~1%,2%,8%,14%,626%,9%,,,,2,55
Plandek,"Jul 28, 2025 12.57 PM",Plandek is specializes in providing engineering-_. software company that,plandek.com,11-50,,United Kingdom,(UK),England,London,Private Equity,2017,,,"Oct 16, 2022",Series,YFM Equity Partners,nla,Supernode Global,,"SEI OHS, GB",11%,19%,44%,63%,157%,206%,145%,-15%,,,2,56
Wakeo,"Jul 28, 2025 12.57 PM",specializing in supply chain visibility solutio_. logistics technology provider,wakeo.co,51-200,,France,ile-De-France,Paris,wakeo,Venture Capital,2016,32.7,19.5,Dec 2023,Series,360 Capital,nla,50 Partners,,"Rue Auber; Paris, ile-de-France 75009,FR",~4%,4%,9%,25%,51%,195%,300%,,,,2,57
CnM#aNRTJIRA,"Jul 28, 2025 12.57 PM","Co , Ltd_ Guangzhou Kuaipi Information Technology software company specializing",kuaipi.com,51-200,,China,Guangdong,Guangzhou,%es%bg%bf%e5_,Private Equity,2015,,,"Aug 31, 2015",Series,China Soft Capital,nla,Unity Ventures Jl;,,Unity Ventures Jl;,~6%,6%,-11%,~46%,~34%,,,,,,2,59
Food Market Hub,"Jul 28, 2025 12.57 PM",Food Market Hub is provides procurement and inventory_. software company that,foodmarkethub.com,51-200,,Malaysia,Kuala Lumpur,Petaling Jaya,fcodmarkethub,Venture Capital,2017,12.9,8.5,Dec 2021,Series,500 Global,nla,Velocity Ventures,,"100-2.0118013, 129 Offices (Block J), Jaya One, Jalan Prof",-7%,-18 %,~15%,-15%,~27%,~33%,32%,416 %,,,2,60
One Data,"Jul 28, 2025 12.57 PM","provider that specializes in building,_ data management solutions",onedata.ai,201-500,200,Germany,Bavaria,Munich,e-data-it,Venture Capital,2013,44.9,34.9,"Jul 15, 2024",Series,HV Capital,nla,SALVIA GmbH,26,"PrinzregentenstraBe 50; Munich; Bavaria 80538, DE",~1%,~2%,2%,-10%,~21%,4%,,,,,2,61
Pepper,"Jul 28, 2025 12.57 PM",Pepper i provides Pepper is = provides eCommerce solutions for food__ eCommerce technology company that solutions for food . usepepper com,usepepper.com,11-50,168,United States,(USA),New York,New York,Venture Capital,2019,46,,,Series,Greylock,nla,bossa invest,46,New York City; New York; US,1%,5%,60%,216%,216 %,309%,950%,888%,47%,,2,62
Kardinal,"Jul 28, 2025 12.57 PM","28, 2025 12.57 PM that specializes Kardinal is a logistics optimization company that specializes in Al-driven solutions for_. Al-driven solutions for__.",kardinal.ai,11-50,,France,ile-De-France,Paris,kiirdinalai,Venture Capital,2015,12.6,10.4,,Series,Bgv,nla,Serena,,"Victoire; Paris, Ile-de-France 75009, FR",~1%,32%,7%,3%,14%,128%,128 %,,,,2,63
IndicaOnline POS Software,"Jul 28, 2025 12.57 PM",IndicaOnline specializing cannabis technology solution __ cannabis technology softwar software company company solution _,indicaonline.com,51-200,,United States,(USA),California,Los Angeles,Venture Capital,2011,,,May 2018,Series,nla,nla,nla,,"6464 W Sunset Blvd; Los Angeles, California, US",~6%,6%,7%,-17%,17%,12%,133%,211%,180%,~24%,2,66
Kleene.ai,"Jul 28, 2025 12.57 PM","28, 2025 12.57 PM ~solutions provider that offers solutions provider that offers Kleene.ai is ~data management ad Al data management and Al range of__ range of_.. kleene:",kleene.ai,51-200,,(UK),United Kingdom,England,London,Venture Capital,2017,16.1,,Nov = 2021,Series,Episode 1 Ventures,Episode,Ventures,,"32-38 Leman Street, Aldgate East; Aldgate East; London,",~5%,5%,-12%,~14%,-14%,~25%,~46%,-46%,6%,-15%,2,67
FarmERPe,"Jul 28, 2025 12.57 PM",FarmERP ~company that provides innovative farm __ FarmERP is an agriculture technology company that provides innovative farm __ an agriculture technology farmerp com,farmerp.com,51-200,,India,Maharashtra,Pune,farmerp-smart -,Venture Capital,2001,,,"Dec 29, 2019",Series,TechnoGen IT Services Ind,nla,TechnoGen IT Ser,,"Unit No. 17, Znd Floor; Electronic Co-operative Estate Ltd ; Pune",-2%,-18%,-18 %,~15%,-15%,-28%,126%,115%,152%,2%,2,68
Shop Circle,"Jul 28, 2025 12.57 PM","Jul 28,2025 12.57 PM Shop Circle is e-commerce software solutions: ecommerce software solutions SaaS company specializing in It offers = offers a .",shopcircle.co,201-500,242,United Kingdom,(UK),England,London,Private Equity,2021,245,60,"Feb 24, 2025",Series,645 Ventures,Corporate,Endeavor,26,"London, GB",4%,6 %,6%,32%,310%,505%,000%,,,,2,69
OptimoRoute,"Jul 28, 2025 12.57 PM",comoanv company that provides solutions for delivery _. that provides solutions for delivery_. Troute optimization software route optimization software,optimoroute.com,51-200,,United States,(USA),California,Palo Alto,Venture Capital,2012,6.5,,Feb 2020,Series,Series A,Congruent Ventures,nla,,"Palo Alto, US",3%,3 %,1%,48%,52%,89%,205%,58 %,58%,,2,70
JST Group,"Jul 28, 2025 12.57 PM","28, 2025 12.57 PM Shanghai JUSHUITAN Network Technology CO,LTD. co.LTD. is a SaaS provider specializing in e_ SaaS provider specializing in jushuitan com",jushuitan.com,"1,001-5,000",,China,Shanghai,Shanghai,%e4%b8%8a%e6_.,Private Equity,2014,205.7,100,Jun 2020,Series,Series C,Blue Lake Capital,Corporate,100,"Shenchang Road 990; Shanghai, 200000, CN",18 %,18%,,,,,,,,,2,71
Syrup Tech,"Jul 28, 2025 12.57 PM",specializing in Al-driven inventory_ technology company,syrup.tech,11-50,,United States,(USA),New York,New York,Venture Capital,2020,25.1,17.8,"Nov 30, 2023",Series,1984 Ventures,nla,Harvard Innovatiol,,"52 Mercer Street; New York; NY 10013, US",-2%,~9%,-9%,71%,220%,700%,-53%,,,,2,76
Polestar Analytics,"Jul 28, 2025 12.57 PM",Polestar Solutions specializing in Al and analytics solutions consulting firm tor .,polestarllp.com,"501-1,000",623,United States,(USA),Texas,Dallas,Venture Capital,2012,,,Jan 2022,Series,nla,nla,nla,,"4131 NCX; Suite 900; Dallas, Texas 75204,US",-23%,,,,,,,,,,2,77
IdeaSoft Yazilim,"Jul 28, 2025 12.57 PM",IdeaSoft is an e-commerce solutions provider that offers range cpricec including,ideasoft.com,201-500,245,Turkey,istanbul,Ayazaga,ideasoft-yaz-,Venture Capital,2005,29,,"Apr 30, 2012",Series,inventures,nla,inventures,29,"Cumhuriyet Mah: Libadiye Cad. Cimen Sok No:2; Istanbul,",0%,9%,15%,29%,75%,-32%,,,,,2,81
Unikt larande,"Jul 28, 2025 12.57 PM",Unlkum ' that offers - is an educational technology provider comprehensive platform for .,unikum.net,11-50,,Sweden,Stockholm,Stockholm,uulikum---net-ab,Venture Capital,2005,40,,"Oct 3, 2019",Series,Jce,Corporate,Jce,40,"Hammarby Kaj 14; 4; Stockholm, Stockholms Ian 12030, SE",-2%,29%,37%,,,,,,,,2,82
Dexory,"Jul 28, 2025 12.57 PM",in warehouse automation and analytics. The _ ' technology company specializing,dexory.com,51-200,155,United Kingdom,(UK),England,London,Venture Capital,2015,118,80,"Sep 30, 2024",Series,Atomico,nfa,Latitude Ventures,80,"Portobello; London; W1O 5JJ, GB",4%,41%,31%,162%,550%,,,,,,2,84
Threekit Visual Commerce,"Jul 28, 2025 12.57 PM",specializing in 3D product configuration and_ Threekit is visual commerce company,threekit.com,51-200,,United States,(USA),Illinois,Chicago,Venture Capital,2018,100,,Nov 2021,Series,Isai,nla,ServiceNow,100,"Wacker Dr; Chicago, Illinois 60606,US",2 %,5%,2%,~31%,-17%,16 %,-29%,,,,2,86
Taxdoo,"Jul 28, 2025 12.57 PM",software provider that specializes tay consulting = and accounting VAT _,taxdoo.com,51-200,126,Germany,Hamburg,Hamburg,xdoo,Venture Capital,2016,86,64.6,"Dec 15, 2021",Series,Accel,Corporate,Visionaries Club,86,"Alter Wandrahm 13; Hamburg, HH 20457, DE",4%,-10%,-11%,-16 %,~39%,34%,500%,24%,,,2,90
Jungheinrich company,"Jul 28, 2025 12.57 PM",arculus is a technology company in the development = high- end mobile robo specializing,arculus.de,51-200,,Germany,Bavaria,Munich,arculus-gmbh,Venture Capital,2016,17.5,,May 2020,Series,Atomico,nla,Hello Tomorrow,,"BalanstraBe 73; Haus 10; Munich, Bavaria 81549, DE",2%,3%,7%,27%,-71%,,,,,,2,93
Rundoo,"Jul 28, 2025 12.57 PM",Rundoo is point-of-sale solutions tailored for paint and_ software company that provides,getrundoo.com,11-50,,United States,(USA),California,Redwood City,Venture Capital,2021,,,"May 31, 2024",Series,Bessemer Venture Partners,nla,Plug =,,"94063, US",15%,22%,144%,193%,340%,100%,41%,,,,2,94
Voxware,"Jul 28, 2025 12.57 PM",specializing a technology solutions provider voice automation and__,voyiare.com,51-200,,United States,(USA),New Jersey,Hamilton,,1993,7.8,,"Apr 23, 2014",Series,nla,nla,Edison Partners,,"3705 Quakerbridge Road; Suite 210; Hamilton, NJ 08619,US",2%,-24%,-26%,,,,,,,,2,96
Corevist,"Jul 28, 2025 12.57 PM",Corevist; Inc. is a B2B software company that specializes providing integrated.,corevist.com,51-200,,United States,(USA),North Carolina,Raleigh,Other Financial,2008,8.2,,"Apr 20,2022",Series,Halstatt,nla,Jurassic Capital,,7474 Creedmoor Road; #108;,5%,2%,2 %,-10%,-26%,332%,~48%,,,,2,98
Fergus,"Jul 28, 2025 12.57 PM",Fergus is ~provider that offers solutions for trades. job management software,fergus.com,51-200,,New Zealand,Auckland,Auckland,fergus-software -,Venture Capital,2012,17.7,,Jun 2022,Series,Evp,nla,Octopus Ventures,,"65 New North Road, Eden Terrace; Auckland, Auckland 1021, NZ",-8 %,6 %,-12%,10%,30%,23%,,,,,2,101
Parabola,"Jul 28, 2025 12.57 PM",~data automation and process management___ SaaS provider specializing,parabola.io,11-50,,United States,(USA),California,San Francisco,Venture Capital,2017,34.2,,"Jun 27,2023",Series,Abstract,nla,Matrix,,"San Francisco, CA, US",1%,17%,44%,54%,51%,58 %,100%,6 %,,,2,102
Pbal (1tz) @T0ST04&,"Jul 28, 2025 12.57 PM",chain management company that specialize._ PMER (Huimin) logistics and supply,huimin.cn,11-50,139,China,Liaoning,Liaoning,Chaoyang;,Private Equity,2013,516.9,224.9,Sep 2019,Series,China Renaissance #454,Corporate,#eeur6tji',,"QA6A,1L5, CN",75 %,1%,0%,-63%,-66 %,-50%,,,,,2,105
CoLab Software,"Jul 28, 2025 12.57 PM",specializes CAD collaboratior software company that and design__.,colabsoftware.com,51-200,139,FI Canada,Newfoundland,And Labrador,Gaultois,Public,2017,47.5,3.9,"Mar 18,2025",Series,Hebron Project,nla,Insight Partners,,"SN8, CA",8%,16 %,34%,56%,63%,208%,379%,225%,,,2,106
20Cube Logistics,"Jul 28, 2025 12.57 PM",provides comprehensive supply chain. logistics company tha,2ocube.com,"501-1,000",902,Singapore,nla,nla,2ucube-logistics,Private Equity,2011,,,"Feb 28, 2019",Series,sentorinvestments comau,nla,credence-investm,,"Singapore, 068809_",2 %,11%,15%,32%,61%,100%,116 %,~25%,,,2,107
Foyr,"Jul 28, 2025 12.57 PM",Foyr i that provides innovative tools for interior __. an interior design software company,foyr.com,51-200,169,United States,(USA),New York,New York,Venture Capital,2015,9.7,,"Jul 16, 2018",Series,jllcom,nla,Astarc Ventures,,"37-05 74th Ave; 3rd Floor Jackson Heights,; New York; NY, US",~2%,4%,5%,8 %,-4%,-3%,-12%,0%,,,2,110
Whimsical,"Jul 28, 2025 12.57 PM","Whimsical is provides digital tools for product teams, software company that",whimsical.com,11-50,,United States,(USA),Colorado,Denver,Venture Capital,2017,30,,"Oct 31, 2021",Series,Accel,Corporate,Accel,30,"Denver; Colorado, US",~4%,2%,2 %,-2%,~25%,17%,122%,344%,-19%,,2,111
Actio Brasil,"Jul 28, 2025 12.57 PM",Actio Software specializes providing management software company that,actiosoftware.com,51-200,86,Brazil,Minas Gerais,Belo Horizonte,aritiosoftware,Venture Capital,2005,,,"Aug 31, 2022",Series,nla,nla,Falconi,,"Gerais 31110-230, BR",3%,7%,32%,62%,,,,,,,2,113
Industrial Wireless Automation,"Jul 28, 2025 12.57 PM",specializing in industrial automation. They_ Coretigo technology solutions provider,coretigo.com,51-200,,Israel,Center,Netanya,ctretigo,Corporate,2017,66,,"Jun 27,2023",Series,Amazon Industrial Innovatic,nla,Lenovo,66,"Giborey Israel 5; Netanya, 4250405",-18 %,-23%,~36%,~49%,-48%,~31%,,,,,2,114
Impact Analytics,"Jul 28, 2025 12.57 PM",specializing Al-powered solutions for retai_. technology company,impactanalytics.co,"501-1,000",694,United States,(USA),New York,New York,Venture Capital,2015,76.7,65,May 2025,Series,Blue Cloud Ventures,Corporate,Vistara Growth,65,"368, 9th Avenue; 11-103; New York, New York 10001, US",7%,14%,31%,74%,132%,199%,224%,-12%,,,2,117
Quincus,"Jul 28, 2025 12.57 PM",specializes Quincus is logistics technology provider that Al-driven solutions supply__,quincus.com,201-500,,Singapore,nla,nla,lincus,Venture Capital,2014,34,,"Apr 27,2024",Series,nla,nla,alteracapital com,34,"068914, SG",~7%,-16%,-24%,~38%,~50%,-12%,47%,~84%,,,2,118
Petpooja,"Jul 28, 2025 12.57 PM",Prayosha Food Services Private Limited is restaurant technology provider specializing,petpooja.com,,,,,,,Public,2011,8.9,4.5,"Nov 14, 2021",Series,Aroa Venture Partners,nfa,udaan.com,130,"3rd Floor; Gopal Palace; Nehrunagar; Ahmedabad,",11%,20%,34%,77%,160%,395%,596 %,,,,2,119
Pico,"Jul 28, 2025 12.57 PM",Pico MES is a technology solutions company that specializes in digital manufacturing_,picomes.com,11-50,,United States,(USA),California,San Francisco,Venture Capital,2017,16.1,12.3,"Aug 21, 2023",Series,Congruent Ventures,nla,Congruent Venture,,"San Francisco, CA 94116, US",~3%,~31%,-31%,~15%,6 %,28%,77%,433%,134%,,2,122
EASANTJRRA,"Jul 28, 2025 12.57 PM","Mabang Technology Co , Ltd. comoanv specializing in cross ;-border e .. software",mabangerp.com,"501-1,000",,China,Shanghai,Minhang,mabangerp,Venture Capital,2010,77.2,44.2,"May 15, 2022",Series,MNTtz VRMTJRRA ],nla,Srmrt12,,"May 15, 2022",-13%,~7%,-8 %,,,,,,,,2,123
TrusTrace,"Jul 28, 2025 12.57 PM",software provider that specializes supply chain traceability solutio,trustrace.com,51-200,175,Sweden,Stockholm,Stockholm,tr istrace,Private Equity,2016,31.6,23.9,"Jan 17, 2024",Series,Circularity Capital,nla,Industrifonden,,"Central Stockholm; Stockholm, SE",3%,5%,17%,52%,76%,173%,464%,-19%,,,2,126
LogicLadder,"Jul 28, 2025 12.57 PM",LogicLadder E provider that offers solutions for energy_. sustainability software,logicladder.com,51-200,,India,Haryana,Gurugram,logicladder,Venture Capital,2011,2.8,2.5,Jun 2024,Series,Rainmatter by Zerodha,nla,JioGenNext,,"Unitech Cyber Park; Sector 39; Gurugram,",-10%,24%,60%,26 %,32%,,,,,,2,127
Proton.ai,"Jul 28, 2025 12.57 PM",Proton providing Al-powered CRM and sales providing Al-powered CRM and sales: software company that specializes,proton.ai,11-50,,United States,(USA),Massachusetts,Cambridge,Venture Capital,2018,20,20,"Jan 17, 2022",Series,Abstract,nla,bossa,20,"160 Alewife Brook Pkwy; #1147; Cambridge, Massachusetts",6 %,12%,34%,44%,72%,313%,8 %,,,,2,129
Coefficient,"Jul 28, 2025 12.57 PM","Jul 28,2025 12.57 PM ~company that provides tools for connecting _. company thaj Coefficient is provides tools for connecting _ data automation software",coefficient.io,51-200,,United States,(USA),California,Palo Alto,Venture Capital,2020,24.7,,Nov 2022,Series,Battery Ventures,Corporate,S28capital com,,"Palo Alto, CA 94301, US",6 %,3%,3 %,17%,60%,214%,407%,725%,-0%,0%,2,130
Zthonline,"Jul 28, 2025 12.57 PM","7thonline, Inc. is a SaaS provider specializing Zthonline, Inc. in demand planning and inventory _. demand planning and SaaS provider inventorv_. 'specializing",zthonline.com,201-500,,United States,(USA),New York,New York,Private Equity,1999,23,,"Sep 30, 2001",Series,Chazen Capital Partners,nla,Stonehenge Capit;,23,"New York, NY 10018, US",8%,4%,~7%,-7%,-10%,-23%,~36%,-36%,~0%,0%,2,131
AfterShip,"Jul 28, 2025 12.57 PM","28, 2025 12.57 PM AfterShip is AfterShip E eCommerce solutions, offering software for_ eCommerce solutions, offering software for__. SaaS company specializing in",aftership.com,201-500,341,Singapore,nla,nfa,nla,Private Equity,2012,69,39,"Apr 21, 2021",Series,Tiger Global,nfa,nla,39,"Singapore, SG",3%,2%,2 %,23%,91%,251%,520%,,,,2,132
InstaFreight,"Jul 28, 2025 12.57 PM",InstaTechnologies GmbH is a logistics InstaTechnologies CmbH is technology provider that offers logistics digital_.,instafreight.de,,,,,,,Other Financial,2016,75.2,20,Mar 2022,Series,European Investment Bank,nla,European Investm,20,"OranienstraBe 25; Berlin, 10999, DE",-35%,35%,-58%,-68%,-59%,-38%,,,,,2,133
Remarcable,"Jul 28, 2025 12.57 PM",JJul 28 2025 12.57 PM that offers services in procurement; tool__. that offers services business solutions provider procurement; tool_.,remarcable.com,51-200,,United States,(USA),Ohio,Cleveland,Private Equity,2018,,,Jun: 2025,Series,Insight Partners,nla,Insight Partners,,"Cleveland Area; Cleveland, Ohio, US",26%,51%,82%,194%,562%,550%,,,,,2,134
Tajir,"Jul 28, 2025 12.57 PM",provides an online platform for independent_ provides an online platform for independent_. Tajir is a retail distribution company that tajirapp,tajir.app,11-50,241,Pakistan,Punjab,Lahore,tajir-app,Venture Capital,2018,18.9,23,Jun 2021,Series,aavcf.com,nla,Flexport,23,"Gulberg; Lahore, Punjab 54000,PK",1%,~6%,~6 %,6%,6 %,~2%,2%,47%,346%,506 %,2,135
Aforza,"Jul 28, 2025 12.57 PM",~solutions for the consumer products industr _. solutions for the consumer products industr _. Aforza is software company specializing in,aforza.com,51-200,70,(UK),United Kingdom,England,London,Venture Capital,2019,22,,"Aug 11, 2021",Series,Bonfire Ventures,nla,DN Capital,22,"London, SET 7LY, GB",1%,11%,4%,55%,204%,40%,,,,,2,137
WSWX#RITTRA,"Jul 28, 2025 12.57 PM",Hoteam Software specializing in software solutions for produc__ C _ ETae technology company Fe,hoteamsoft.com,"501-1,000",,China,Shandong,~Jinan,%es%blbl%ea__,Venture Capital,1993,106.6,13.9,"Jun 19, 2023",Series,China Internet Investment F,nla,Harvest Capital,,"Jun 19, 2023",48%,4%,84%,-33%,-19%,,,,,,2,138
plancraft,"Jul 28, 2025 12.57 PM",cloud-based solutions for tradespeople and_. Plancraft is software company that provides,plancraft.de,51-200,104,Germany,Hamburg,Hamburg,plancraft-software,Venture Capital,2020,15.1,,Jun 2024,Series,BitStone Capital,nla,xdeck,,"Flora-Neumann-StraBe 6; Hamburg; 20357, DE",18 %,42%,141%,235%,642%,055%,-94%,,,,2,175
Rebuy Engine,"Jul 28, 2025 12.57 PM",Rebuy specializing white-collar service company ecommerce personalization __.,rebuyengine.com,51-200,122,United States,(USA),New York,New York,Venture Capital,2017,21.4,,"Feb 23,2023",Series,Dynamism Capital,nla,Apple Core Holdin,,"Distributed, US",0%,1%,2%,16%,134%,120%,000%,-13%,,,2,178
LBB,"Jul 28, 2025 12.57 PM",LBB is a technology company that specializes in mobile ordering solutions for the food__,ibb.co,201-500,,nla,~Japan,Osaka,Osaka,Venture Capital,2018,2.3,,Feb 2022,Series,nla,nla,() Z7ls,,,,,,,,,,,,,2,180
Crofarm,"Jul 28, 2025 12.57 PM",company that connects farmers with __. Crofarm Agriproducts Pvt Ltd is an agri-tech,crofarm.com,"501-1,000",,India,Haryana,Gurugram,crofarm,Private Equity,2016,29.3,25.5,"Dec 12, 2021",Series,WestBridge Capital,nla,India Accelerator,,"37 Arjun Marg; DLF Phase 1; Gurgaon; Haryana 122002, IN",~8 %,-12%,-16%,-16 %,-10%,2%,66 %,150%,,,2,184
Mushiny Intelligence,"Jul 28, 2025 12.57 PM",Mushiny is a robotics company specializing in intelligent logistics solutions: They provide .,mushiny.com,201-500,,China,Jiangsu,Suzhou,mushiny-,Venture Capital,2016,,,"Jul 13, 2022",Series,topping-capital com,nla,topping-capital.co,,"Suzhou Industry Park Xingpu Road #333; Suzhou, Jiangsu; CN",~1%,33%,3%,6%,54%,192%,310%,446%,,,2,186
Ankorstore,"Jul 28, 2025 12.57 PM",connects independent brands with retailers_. wholesale distributor that,ankorstore.com,"501-1,000",242,France,ile-De-France,Paris,arikorstore,Private Equity,2019,421.8,283.3,Jan 2022,Series,Aglae Ventures,nla,bondcap.com,,"Paris, Paris 75002, FR",-9%,-16%,-29%,29%,-51%,-68 %,81%,796%,~24%,,2,190
ShippyPro,"Jul 28, 2025 12.57 PM",ShippyPro is a shipping software provider that offers solutions for commerce businesses .,shippypro.com,51-200,,Italy,Tuscany,Florence,shippypro,Venture Capital,2016,20,,Nov 2023,Series,Five Elms Capital,nla,Five Elms Capital,20,"Via delle Cascine, 35; Florence, Tuscany 50144, IT",-4%,-8%,4%,-14%,1%,64%,245%,6%,,,2,191
Outbuild,"Jul 28, 2025 12.57 PM",Outbuild is specializes software company that construction scheduling and:_,outbuild.com,51-200,,United States,(USA),California,San Francisco,Venture Capital,2021,14.8,,"Nov 11, 2024",Series,Bgv,nla,Manutara Venture:,,"2021 Fillmore St; San Francisco, California 94115, US",9%,27%,84%,7%,,,,,,,2,195
dtzumitiXTJRRA,"Jul 28, 2025 12.57 PM","Beijing Winchannel Software Technology Co , Ltd. is a software solutions provider _",winchannel.net,51-200,,China,Beijing,Haidian,"%e5%8c""97%e4_",Venture Capital,2000,,,"Nov 15, 2010",Series,Intel Capital,nla,Intel Capital,,"XRE, 1L5, CN",33%,1%,4%,~24%,~36%,-19%,,,,,2,196
Khulal,"Jul 28, 2025 12.57 PM",Khula digital solutions for farmers and buyers an agri-tech platform that provides Ath;;,khula.co,11-50,,South Africa,Gauteng,Johannesburg,ktiulaagriculturete __.,Venture Capital,2016,8.7,6.8,"Mar 2, 2025",Series,Absa Group,nla,AECI Limited,,"Bompas Road Dunkeld West; Johannesburg, Gauteng 2191,",21%,31%,78%,78 %,66 %,85 %,138 %,455%,-14%,,2,197
Waitwhile,"Jul 28, 2025 12.57 PM",Waitwhile is a technology company that provides customer flow management__,waitwhile.com,11-50,,United States,(USA),California,San Francisco,Venture Capital,2017,12,,"Feb 3, 2021",Series,Crv,nla,Crv,12,"548 Market St; San Francisco, California 94104,US",5%,8%,8 %,15%,15 %,2%,-11%,123%,166%,-19%,3,10
Rewaa,"Jul 28, 2025 12.57 PM",ely is a technology company specializing in retail management software solutions It_,rewaatech.com,201-500,475,Saudi Arabia,Riyadh,Riyadh,rewaa-company,Venture Capital,2018,27.8,48,"Aug 27, 2023",Series,Derayah Venture Capital,nla,Svc,48,"Anas Bin Malek Road; Al Malqa, Riyadh 11564, SA",-5%,~7%,7%,15%,98%,295%,058%,059%,2%,,3,11
Makersite,"Jul 28, 2025 12.57 PM",Makersite is in product lifecycle intelligence and_ software company specializing,makersite.io,51-200,,Germany,Baden -,Wirttemberg,Stuttgart,Venture Capital,2018,,,"Oct 17, 2022",Series,Hitachi Ventures,nla,Hitachi Ventures,,"KonigstraBe 43b; Stuttgart; Baden-Wiirttemberg 70173, DE",13%,32%,64%,154%,431%,963%,-20%,,,,3,13
Eupry,"Jul 28, 2025 12.57 PM",Eupry is temperature compliance solutions for__ company that specializes in,eupry.com,51-200,,Denmark,nla,Copenhagen,elpry-aps,Venture Capital,2014,27.6,23.8,"Dec 19, 2024",Series,Chr: Augustinus Fabrikker,nja,Chr: Augustinus F:,,"~Hejrevej 28; 1; Copenhagen N, Capital Region of Denmark 2400,",17%,23%,35%,40%,110%,207%,-24%,,,,3,15
CloudCart,"Jul 28, 2025 12.57 PM",CloudCart is an eCommerce platform that provides comprehensive solutions for_,cloudcart.com,11-50,,Bulgaria,Sofia City,Sofia,cloudcart-Ilc,Venture Capital,2016,,,"Dec 19, 2021",Series,Elevator Ventures,nja,Elevator Ventures,,"ulitsa Panorama Sofia 5; Sofia, Sofia 1766,BG",5%,-9%,9%,-18%,-18 %,~4%,17%,14%,269%,-10%,3,24
Pietra,"Jul 28, 2025 12.57 PM",Pietra is an e-commerce platform for entrepreneurs__ technology company that provides,pietrastudio.com,11-50,106,(USA),United States,New York,New York,Venture Capital,2019,36,,"Mar 10, 2023",Series,Abstract,nja,Dreamers VC,36,"New York, NY 11201,US",3%,8 %,8%,13%,~47%,265%,077%,960%,,,3,26
FreightAmigo,"Jul 28, 2025 12.57 PM",FreightAmigo is a logistics company that specializes in supply chain management an_.,freightamigo.com,51-200,,S.A.R,Hong Kong,nla,nla,Venture Capital,2017,,,"Aug 9, 2020",Series,nja,nja,nja,,Tong;,9%,27%,64%,360%,-2%,,,,,,3,27
Khetika,"Jul 28, 2025 12.57 PM",SuperZop is an agri-tech company that connects farmers to retailers through a.,superzop.com,51-200,,India,Maharashtra,Mumbai,sliperzop,Private Equity,2016,5.2,,"Sep 19, 2021",Series,Incofin Investment Manage,nla,SIDBI Venture Cap,,"Mumbai, IN",5%,13%,20%,26%,70%,262%,346%,204%,,,3,29
zeroheight,"Jul 28, 2025 12.57 PM",zeroheight is a design system management platform that provides tools for design and__,zeroheight.com,11-50,,e United Kingdom,(UK),England,London,Venture Capital,2015,11.2,,"Aug 2, 2021",Series,Adobe,nla,Newable,,"London, England, GB",1%,188%,733%,17%,,,,,,,3,30
TallOrder Solutions,"Jul 28, 2025 12.57 PM",TallOrder Solutions Pty (Ltd) is TallOrder Solutions Pty (Ltd) is a company that provides point of sale solutions tailored fort__. provides point of sale solutions tailored fort_. company that,tallorderpos.com,11-50,,South Africa,Western Cape,Paarl,cloudonemobi,Other Financial,2010,,,"Jan 24,2022",Series,Series /=,Investec Business Advisor},nla,,"8005, ZA",2%,15%,27%,48%,,,,,,,3,36
REM People,"Jul 28, 2025 12.57 PM","Jul 28, 2025 12.57 PM Rem People is Rem People is a retail analytics company based in Istanbul and__ retail technology and technology and",rempeople.com,201-500,190,Turkey,istanbul,Istanbul,rem-people,Other Financial,2014,25,,"Dec 27, 2022",Series,Series A=,ethosasset com,Other Financial,25,"Now Plaza K:6 D.55; Istanbul, Sisli 34394, TR",3%,8 %,-8%,-8 %,6%,6 %,55%,77%,196%,196 %,3,38
OrderStorm Inc,"Jul 28, 2025 12.57 PM",specializing in unified commerce solutions_. OrderStorm is a technology company,orderstorm.com,51-200,,United States,(USA),Colorado,Littleton,Venture Capital,2008,0.8,0.5,"Mar 4, 2019",Series,Rockies Venture Club,nla,Rockies Venture C,,"Mar 4, 2019",,,,,,,,,,,3,43
Replenium,"Jul 28, 2025 12.57 PM",specializing in Replenium Inc. is a technology provider commerce solutions: They_.,replenium.com,51-200,,(USA),United States,Washington,Seattle,Other Financial,2015,,,"Nov 6, 2019",Series,Glp,nla,Glp,,"568 Ist Ave S; Seattle, Washington 98104, US",8%,-21%,21%,~21%,45%,~54%,-56 %,-35%,-18 %,,3,44
Workpath,"Jul 28, 2025 12.57 PM",Workpath is a business solutions provider specializing in strategy execution and__,workpath.com,51-200,,Germany,Bavaria,Munich,workpathhq,Venture Capital,2017,12.4,12.4,"Sep 8, 2021",Series,Capnamic,nla,Iris,,"RidlerstraBe 39; Munich, Bavaria 80339,DE",2%,~2%,~20%,-20%,56%,-68 %,-22%,46%,8 %,,3,45
EXA@#t WRTJRA&,"Jul 28, 2025 12.57 PM",specializing in retail technology solutions_ Burgeon Technology is a software company,burgeon.cn,201-500,,China,Shanghai,Minhang,e4%b8%8a%e6_,Venture Capital,1990,15.1,14.7,"Jul 30, 2018",Series,Calor Capital,nla,Fengshion Capital,,"Jul 30, 2018",~1%,5%,6 %,16 %,96%,,,,,,3,46
Planet FWD,"Jul 28, 2025 12.57 PM",Planet FWD is a consulting firm specializing in decarbonization solutions for businesses in__.,planetfwd.com,11-50,,(USA),United States,California,San Francisco,Venture Capital,2019,15.2,,"May 25,2022",Series,Acre Venture Partners,nla,Concrete Rose Ca,,"San Francisco, US",2%,-7%,7%,5%,40%,216 %,850%,-30%,,,3,47
Diginex,"Jul 28, 2025 12.57 PM",Diginex is Diginex is a sustainability software provider that specializes in ESG reporting and supply_ sustainability software provider diginex -,solutions.com,51-200,,S.A.R,Hong Kong,nla,nla,Public,2017,,,"Jul 28, 2021",Series,0 Hearst Magazines,Hearst Magazines,nja,,Kong;',,,,,,,,,,,3,77
Hyperlounge,"Jul 28, 2025 12.57 PM",44-41 0/0[42l2Tl is a data analysis service company that provides subscription-based_,hyperlounge.ai,51-200,,South Korea,Seoul,Seoul,Iperlounge,Venture Capital,2020,7.8,7.8,,Series,Altara Ventures,nja,rkpsg com,,"485443374452 130; 4s2itji2 14012; 48544,",-8%,-32%,32%,30%,40%,133%,,,,,3,88
Meal Ticket,"Jul 28, 2025 12.57 PM",Meal Ticket is a software company that provides specialized solutions for foodservi__.,mealticket.com,51-200,,United States,(USA),Idaho,Boise,Venture Capital,2010,,,"Jul 14,2015",Series,Techstars,Corporate,Techstars,,"1555 SHORELINE DRIVE; #150; BOISE, Idaho 83702,US",3%,10%,6%,51%,127%,156%,,,,,3,93
4intelligence,"~Jul 28, 2025 12.57 PM",4intelligence is consulting firm that specializes in providing_. data analytics and,4intelligence.ai,51-200,,Brazil,nla,nla,4intelligence-data-,Other Financial,2016,,,"Jun 21, 2021",Series,Airborne Ventures,nja,Airborne Ventures,,"Alameda Santos; 2400; Alameda Santos, 2400, Jardim Paulista ,",5%,-2%,~22%,-22%,~34%,-23%,1%,28%,,,3,95
Smacc,"Jul 28, 2025 12.57 PM",SMACC is a software company that specializes in providing enterprise resource__,smacc.com,51-200,,Saudi Arabia,Riyadh,Riyadh,srnaccsoftware,Venture Capital,1980,,,"Dec 31, 2016",Series,nja,nja,nja,,"Eastern Ring Road, Exit 14, Al Riyan Area Riyadh, Saudi Arabia;",23%,94%,117%,105%,516 %,750%,-18%,,,,3,96
Praktis,"Jul 28, 2025 12.57 PM",Praktis is a supply chain solutions provider that specializes in manufacturing and logisti__,praktis.co,201-500,210,Indonesia,Jakarta,South Jakarta,plakasa-triputra -,Venture Capital,2017,20,,"Apr 30,2023",Series,East Ventures,nja,East Ventures,20,"Jakarta, ID",8 %,-10%,1%,9%,165%,600%,400%,19%,,,3,99
Ugaoo,"Jul 28, 2025 12.57 PM","Ugaoo is an online plant store specializing in a wide range of gardening products, including_.",ugaoo.com,51-200,147,India,Maharashtra,Pune,uilaoo,Venture Capital,2015,5.6,,"Nov 11, 2024",Series,DSG Consumer Partners,nla,v3 Ventures,,"Maharashtra 411045, IN",5%,10%,31%,96%,286%,600%,818%,,,,3,104
Mappedin,"Jul 28, 2025 12.57 PM",Mappedin Inc_ is a mapping software provider specializing in indoor mapping and navigatio_.,mappedin.com,51-200,95,FI Canada,Ontario,Waterloo,mappedin,Private Equity,2011,16.1,8.6,"Feb 21, 2023",Series,Channel Equity Partners,nla,Channel Equity Pa,,"14 Erb St W; Waterloo, Ontario NZL 1S7, CA",~1%,2%,-7%,28%,48%,86 %,,,,,3,105
