company,added_date,website,status,description,headcount,ownership_type,founded,last_funding_type,last_funding_lead_investor,company_address,growth_metrics
20Cube Logistics,"Jul 28, 2025 12.57 PM",2ocube.com,save,provides comprehensive supply chain. logistics company tha 2ucube-logistics,"501-1,000",Private Equity,2011,Series,sentorinvestments comau,"Singapore, 068809_",2 % | 11% | 15% | 32% | 61% | 100% | 116 % | ~25%
4intelligence,"Jul 28, 2025 12.57 PM",4intelligence.ai,save,4intelligence is consulting firm that specializes in providing_. data analytics and 4intelligence-data- science,51-200,,2016,Series,Airborne Ventures,"Alameda Santos; 2400; Alameda Santos, 2400, Jardim Paulista ,",5% | -2% | ~22% | -22% | ~34% | -23% | 1% | 28%
6a5x,"Jul 28, 2025 12.57 PM",kujiale.com,save | hide,Kujiale is provides online 3D design tools for design software company that home . %e9%85%b7%e5_,"501-1,000",Venture Capital,2011,,,"EMYDi-10-13F; #E, MHi 310000, CN",41% | 41% | ~1% | 41% | ~1% | 5% | I1% | 56 %
ABM Cloud,"Jul 28, 2025 12.57 PM",abm.cloud,save | hide,provides cloud based solutions for business_ ABM Cloud is = technology company that abmcloud com Estonia Harju Tallinn %e2%80%93 -_ alim-cloud -,51-200,Venture Capital,2014,Series,nla,"Tartu highway; 2; Tallinn, EE",~1% | 4% | 10% | 8% | 9% | ~1%
Actio Brasil,"Jul 28, 2025 12.57 PM",actiosoftware.com,save | hide,Actio Software specializes providing management software company that actiosoftware com aritiosoftware,51-200,Venture Capital,2005,Series,nla,"Gerais 31110-230, BR",3% | 7% | 32% | 62%
Activities,"Jul 28, 2025 12.57 PM",bemyguest.com,save | hide,BeMyGuest Pte. Ltd. is a technology provider specializing solutions for the travel::. bemyguest com sg bumyguest-travel,51-200,Venture Capital,2012,Series,nla,"Singapore; Singapore, SG",~4% | ~8 % | -8% | -10% | ~2% | 32% | 41% | 24% | ~49%
AdAdapted,"Jul 28, 2025 12.57 PM",adadapted.com,save | hide,AdAdapted is that specializes in providing marketing_ mobile advertising company adadapted com (USA) arladapted,51-200,Venture Capital,2012,,,"206 E Huron St; Ann Arbor; Michigan 48104, US",0% | 0% | 5% | 5% | 7% | 40% | 136 % | -14%
Aeb,"Jul 28, 2025 12.57 PM",aeb.com,hide,AEB is a software company specializing in global trade ad logistics solutions They_ Stuttgart arb,"501-1,000",Private Equity,1979,Series,Agman,"Sigmaringer StraBe 109; Stuttgart; Baden-Wirttemberg 70567,",1% | 8 % | 14% | 26 % | 31% | 54% | 59% | 20%
Aforza,"Jul 28, 2025 12.57 PM",aforza.com,hide,~solutions for the consumer products industr _. solutions for the consumer products industr _. Aforza is software company specializing in (UK) alorza Load,51-200,Venture Capital,2019,Series,Bonfire Ventures,"London, SET 7LY, GB",1% | 11% | 11% | 11% | 4% | 55% | 204% | 40%
Afresh,"Jul 28, 2025 12.57 PM",afresh.com,save | hide,Afresh is that specializes in software solutions for_ grocery retail technology provider afresh com (USA) alreshtechnologies,51-200,Private Equity,2017,,,"33 New Montgomery St; San Francisco, California 94105, US",-1% | 5% | ~2% | -2% | ~15% | 0% | 176 % | 348% | 148%
AfterShip,"Jul 28, 2025 12.57 PM",aftership.com,hide,"28, 2025 12.57 PM AfterShip is AfterShip E eCommerce solutions, offering software for_ eCommerce solutions, offering software for__. SaaS company specializing in [tership kership",201-500,Private Equity,2012,Series,Tiger Global,"Singapore, SG",3% | 2% | 2 % | 3% | 23% | 91% | 251% | 520%
Agrim,"Jul 28, 2025 12.57 PM",agrim.app,save | hide,Agrim Wholesale Private Limited is a BZB marketplace specializing in agri-inputs. The_ agrim app acirimwpl,201-500,Venture Capital,2020,,,"Sector 66 Road; Spaze Business Park; Gurugram, Haryana",25% | 32% | 55% | 59%
Agrivi,"Jul 28, 2025 12.57 PM",agrivi.com,save | hide,AGRIVI is in digital agriculture solutions technology company specializing offers a . London agirivi,51-200,Venture Capital,2013,Series,AgriTech Hub Fund,"Wenlock Road 20-22; London; England N1 7GU, GB",2% | -7% | -2% | 2% | ~25% | ~34% | ~2% | 5% | 332%
Aiperia,"Jul 28, 2025 12.57 PM",aiperia.com,save,supply chain optimization for the food__ AIPERIA is a software company specializing in planerai,51-200,Venture Capital,2021,Series,Earlybird Venture Capital,"Gitterle 2; GroBrinderfeld, Baden-Wirttemberg 97950, DE",3% | 1% | 9%
Alegra,"Jul 28, 2025 12.57 PM",alegra.com,hide,accounting and invoicing solutions software company that provides lored Colombia Antioquia Medellin alegra,201-500,Private Equity,2012,Series,Riverwood Capital,"Carrera 43C; 5-115; Medellin, Medellin 03100,CO",2% | 28 % | 22% | 54% | 132% | 477% | 751% | -12%
Alleaves,"Jul 28, 2025 12.57 PM",alleaves.com,save,cannabis technology solutions. They provid_ software company specializing in alleaves com Fort Lauderdale alleaves,51-200,Venture Capital,2018,Series,theelevenfund com,"6750 N Andrews Ave Suite 325; Fort Lauderdale; FL 33309, US",13% | 23% | 8 % | 23% | 188 % | 136 % | ~87%
Alloy.ai,"Jul 28, 2025 12.57 PM",alloy.ai,hide,provides data integration and analytics _ Alloy.ai is white-collar service company that alloy.ai San Francisco alloy-inc,51-200,Venture Capital,2016,Series,8vc,"528 Folsom St; San Francisco, California 94105, US",-3% | -9% | 9% | 20% | -13% | -19% | 29%
Alvys,"Jul 28, 2025 12.57 PM",alvys.com,save,Alvys is a software company that specializes in transportation management solutions. It.. alvys com Solana Beach alvysinc,51-200,Venture Capital,2020,Series,Bonfire Ventures,"Solana Beach; CA 92075, US","-10% | ~6% | 6% | 17% | 67% | 103% | 1,575% | ~20%"
Ambition,"Jul 28, 2025 12.57 PM",ambition.com,save | hide,"28, 2025 12.57 PM Ambition is a sales coaching software provider that offers Ambition is sales coaching software comprehensive platfor _ comprehensive platfor __ ambition com Chattanooga Inbition-Ilc hbition-Ilc",51-200,Private Equity,2013,Series,Nashville Capital Network,"1603 Fagan St; Chattanooga, Tennessee 37408,US",F1% | -1% | -4% | 4% | -4% | 4% | ~22% | -22% | ~40% | 40% | 13% | -24%
Anchanto,"Jul 28, 2025 12.57 PM",anchanto.com,save | hide,"Jul 28,2025 12:57 PM specializing in specializing in e-commerce and supply chai__ Anchanto is a technology company Anchanto is technology company commerce ad supply chai__ anchanto com arichanto",201-500,Venture Capital,2011,,,"75 High Street; #01-01 The Co; Singapore, Singapore 179435,SG",-1% | 4% | 43% | 3% | ~2% | -2% | 19% | 75% | 228% | 225% | -25%
Ankorstore,"Jul 28, 2025 12.57 PM",bondcap.com,save | hide,connects independent brands with retailers_. wholesale distributor that ankorstore com arikorstore,"501-1,000",Private Equity,2019,Series,Aglae Ventures,"Paris, Paris 75002, FR",-9% | -16% | -29% | 29% | -51% | -68 % | 81% | 796% | ~24%
Apicbase,"Jul 28, 2025 12.57 PM",apicbase.com,save | hide,comprehensive F&B management platform __ software company that provides get apicbase com apicbase,51-200,Venture Capital,2017,Series,Ark Angels Activator Fund,"Samberstraat 3; Antwerp, Flemish Region 2060, BE",-4% | ~9% | 9% | -16% | -16 % | 9% | ~27% | 17% | 51%
ArchiPro,"Jul 28, 2025 12.57 PM",archipro.co,save,customers with ArchiPro is digital platform that connects wide range products an: archipro.co.nz New Zealand Auckland Auckland archipro,51-200,Private Equity,2014,Series,Icehouse Ventures,"Saint Georges Bay Road; Auckland, AUK, NZ",-3% | 10% | -23% | -26% | 62% | 106%
ARZERENRTIRA],"Jul 28, 2025 12.57 PM",waiqin365.com,save | hide,"Jul 28,2025 12:57 PM Qince is sales management software and image_ technology company specializing in technology company 'specializing in %e5%8d997%e4_ % e5%8d997%e4_",201-500,Venture Capital,2012,,,"0R,A5 , CN",-1% | 40% | 30% | 30% | ~25% | -40% | -22% | 222%
autone,"Jul 28, 2025 12.57 PM",autone.io,,specializing in inventory management _ Autone is white-collar service company London alitoneautone,51-200,Venture Capital,2021,Series,2100 Ventures,"London, England, GB",5 % | 27% | 151% | 420% | '500% | -2%
Beroe Inc,"Jul 28, 2025 12.57 PM",beroeinc.com,,Beroe is a procurement intelligence provider that offers Al-powered solutions to help. beroeinc com Raleigh buroe-inc,"501-1,000",Private Equity,2006,Series,Access Asset Managers Pr,"27606, US",1% | 4% | 10% | 24% | 35% | 47% | 56 % | -15%
Betterworks,"Jul 28, 2025 12.57 PM",hyphenapp.io,save | hide,Betterworks is a performance management software provider that offers intelligent_. betterworks com (USA) #tterworks,51-200,Venture Capital,2013,,,"101 Jefferson Drive; Ist Floor; Menlo Park; CA 94025,US",6% | 7% | ~2% | 2% | 0% | ~2% | 43% | 66% | 2%
BeyondTrucks,"Jul 28, 2025 12.57 PM",beyondtrucks.com,,BeyondTrucks is specializes in providing transportation . software company that beyondtrucks com San Francisco halulistix,51-200,Venture Capital,2019,Series,Deep Tech Fund (an Alumn,"1 Ferry Bldg;; Suite 201; San Francisco, California 94111, US",10% | 29% | 55% | 82% | 287% | -59%
Bijak,"Jul 28, 2025 12.57 PM",plot.no,save | hide,connects farmers and traders with market: _ Bijak is an agricultural trading company that connects farmers and traders with market _. bijak in bijak.in bijakapp,201-500,Venture Capital,2019,Series,Bertelsmann Multimedia Gr,"Rd, Gurugram, Haryana 122003; Gurgaon,",~9% | 9% | ~9% | -9% | 9% | -16 % | -16% | 1% | 75% | 75 % | 791%
bijnis,"Jul 28, 2025 12.57 PM",bijnis.com,save | hide,Bijnis is a digital platform that focuses on revolutionizing the manufacturing sector by__ ~bijnis.com bijnisdotcom,201-500,Private Equity,2015,,,"Industrial Estate; New Delhi, Delhi 110044, IN","3% | 6% | 6 % | 11% | ""15% | 65% | 255% | 595% | 16 %"
Bizom,"Jul 28, 2025 12.57 PM",bizom.com,,specializing in sales automation and . retail technology provider bizom com mobisy - technologies-pvt-Itd,201-500,Venture Capital,2008,Series,IndiaMART InterMESH Limi,"Opp. Vakil Cardenia Apts, Bellandur; Bangalore, Karnata .",3% | 6 % | 10% | 18 % | 38 % | 98 % | 169%
Buffalo Market,"Jul 28, 2025 12.57 PM",buffalomarket.com,,specializing in the efficient distribution of_ Buffalo Market is food distributor buffalomarket com San Francisco riffalomarket,11-50,Venture Capital,2019,Series,Coughdrop Capital,"800 Market Street; San Francisco, CA 94117, US",-11% | ~21% | 1% | ~27% | -27% | 36 % | 39% | 220%
Builder Prime,"Jul 28, 2025 12.57 PM",builderprime.com,save,provides an all-in-one CRM and estimating__. software company that Staten Island bulilderprime,11-50,Private Equity,2016,Series,Blueprint Equity,"Staten Island; NY 10314, US","10% | 13% | 57% | 477% | 1,633% | '500% | 17%"
Burq,"Jul 28, 2025 12.57 PM",burqup.com,save,Burq is a delivery service company that provides on-demand and same-day delivery__ burqup com San Francisco bulrq,51-200,Venture Capital,2021,Series,Deep Tech Fund (an Alumn,"May 23, 2024","5% | 8% | 8 % | 61% | 182% | 393% | 1,028%"
BuyCo,"Jul 28, 2025 12.57 PM",buyco.co,save | hide,BuyCo is in container shipping solutions. logistics platform that specializes offers a . Marseille buyco4shipping,51-200,Venture Capital,2015,Series,Banque Populaire du Sud,"37 bld Paul Peyral; MARSEILLE, PACA 13006, FR",33% | 10% | 12% | -13% | 1% | 28% | 106%
byrd,"Jul 28, 2025 12.57 PM",getbyrd.com,save | hide,Byrd [ commerce fulfillment services. logistics company specializing offers _ getbyrd com,201-500,Venture Capital,2016,,,"Wiedner HauptstraBe 24; 12a; Vienna, Wien 1040, AT",-7% | ~4% | 4% | -7% | -29% | ~37% | 65% | 200%
Calendly,"Jul 28, 2025 12.57 PM",calendly.com,,that provides Calendly is scheduling software company platform for automating__ calendly com Atlanta cailendly,"501-1,000",Venture Capital,,Series,Iconiq,"271 I7th St NW; IOth Floor; Atlanta, Georgia 30363, US",~5% | -14% | -14% | ~14% | -19% | 6% | 100% | 253% | 4%
Camunda,"Jul 28, 2025 12.57 PM",camunda.com,save,specializes workflow and decision . software company that ~camunda com caimunda-services - ginbh,"501-1,000",Private Equity,2008,Series,Highland Europe,"Strasse 55-58; Berlin, Deutschland 10961,DE",2% | 6% | 16 % | 50% | 75% | 93% | 202% | -9%
Canibuild,"Jul 28, 2025 12.57 PM",canibuild.com,save | hide,canibuild innovative innovative site planning solutions for__. canibuild is cme software company that provides planning solutions fon ' canibuild com verumtek,51-200,Venture Capital,2020,Series,Evp,"Barangaroo, New South Wales 2000,AU",-1% | ~1% | ~4% | -4% | 4% | 7% | -7% | 50% | 246% | 542% | 16% | 16 %
carbmee,"Jul 28, 2025 12.57 PM",carbmee.com,save,that specializes Carbmee carbon management company providing automated__. carbmee com cairbmee,51-200,Venture Capital,2021,Series,CommerzVentures,"Rosenthaler StraBe; 36; Berlin, 10178,DE",22% | 44% | 60% | 50% | 75% | 800%
CartonCloud,"Jul 28, 2025 12.57 PM",cartoncloud.com,save | hide,that offers cloud-based solutions for__ CartonCloud is a logistics software provider cairtoncloud,51-200,Venture Capital,2014,Series,nla,"27-29 Dover Drive; Burleigh Heads, QLD 4220, AU",1% | 3% | 3% | 10% | 44% | 116 % | 209% | 11%
Cascade,"Jul 28, 2025 12.57 PM",cascade.app,save | hide,Cascade = offers ~offers comprehensive platform for strateg_ comprehensive platform for strateg .. strategy software company that cascade app ciiscade-strategy caiscade-strategy,51-200,Venture Capital,2016,Series,Carthona Capital,"10005, US",9% | 24% | -2% | ~3% | 3% | 25% | 46% | -11%
CBX Soitware,"Jul 28, 2025 12.57 PM",cbxsoftware.com,save,software provider that offers TradeBeyond supply chain management ~suite of__ cbxsoftware com Hong Kong SAR nia xsoftware,201-500,Venture Capital,1995,Series,Baring Private Equity Asia,,1% | 3% | 8 %
Celus,"Jul 28, 2025 12.57 PM",celus.io,hide,specializing in electronics design solutions I. CELUS GmbH is = technology company celus io caintunity,51-200,Venture Capital,2018,Series,2xN,"RidlerstraBe 57; Munich, Bavaria 80339, DE",0% | 24% | 35% | 116 % | 236 % | 266 % | 55%
Chain.io,"Jul 28, 2025 12.57 PM",chain.io,save | hide,specializes Chain.io is a logistics software provider that integration solutions for the. chain.io Philadelphia Jain.io,11-50,Venture Capital,2017,Series,Eve Atlas,"399 Market Street; Suite 360; Philadelphia; PA 19106,US",~3% | -11% | 11% | ~17% | -17% | ~33% | ~34% | 18 % | 146% | 128 %
ChannelEngine,"Jul 28, 2025 12.57 PM",channelengine.com,save | hide,provides ecommerce solutions for brands ChannelEngine [ digital platform that channelengine,51-200,Private Equity,2013,Series,Airbridge Equity Partners,"Vondellaan 47; Leiden, 2332AA , NL",1% | ~0% | 0% | -3% | 3% | -19% | 24% | 121% | 394% | 12%
ChapsVision,"Jul 28, 2025 12.57 PM",chapsvision.fr,save,"specializes in data analysis and customer_ ChapsVision is software company that chapsvision.fr 501- -1,000 641 France ile-De-France Suresnes chiapsvision",,Private Equity,2019,,,"92150, FR","105% | 137% | 161% | 262% | 416 % | 1,426 % | 7,912% | -32%"
Cheetah,"Jul 28, 2025 12.57 PM",jmdfood.com,,specializing in eCommerce solutions for the. Cheetah is a technology company gocheetah com San Francisco chieetah,51-200,Venture Capital,2014,Series,FJ Labs,"351 9th Street; Suite 302; San Francisco, CA 94103,US",56 %
ClimateAi,"Jul 28, 2025 12.57 PM",climate.ai,save | hide,that offers advanced Al-driven solutions for__. ClimateAi is - climate intelligence provider San Francisco climateai,51-200,Venture Capital,2017,Series,academyinvestorcom,"353 Sacramento St; San Francisco, California 94111, US",6% | 6% | ~31% | ~33% | -15% | 37% | 218 % | 69%
CLO Virtual Fashion,"Jul 28, 2025 12.57 PM",kdbcapital.co,save,specializing in 3D garment simulation and_. CLO Virtual Fashion is software company clovirtualfashion con clo-virtual-fashion- inc-,201-500,Private Equity,2009,Series,Atinum Investment,"Gangnam-gu, Seoul, Republic of Korea; Gangnam",~17%
CloudCart,"Jul 28, 2025 12.57 PM",cloudcart.com,save,CloudCart is an eCommerce platform that provides comprehensive solutions for_ cloudcart com Bulgaria Sofia City Sofia cloudcart-Ilc,11-50,Venture Capital,2016,Series,Elevator Ventures,"ulitsa Panorama Sofia 5; Sofia, Sofia 1766,BG",5% | -9% | 9% | -18% | -18 % | ~4% | 17% | 14% | 269% | -10%
Coefficient,"Jul 28, 2025 12.57 PM",coefficient.io,hide,~company that provides tools for connecting _. company thaj Coefficient is provides tools for connecting _ data automation software coefficientio Palo Alto criefficientworks ctiefficientworks,51-200,Venture Capital,2020,Series,Battery Ventures,"Palo Alto, CA 94301, US",6 % | 3% | 3 % | 17% | 60% | 214% | 407% | 725% | -0% | 0%
CoLab Software,"Jul 28, 2025 12.57 PM",colabsoftware.com,save | hide,specializes CAD collaboratior software company that and design__. FI Canada Newfoundland And Labrador Gaultois ctilabsoftware,51-200,,2017,Series,Hebron Project,"SN8, CA",8% | 16 % | 34% | 56% | 63% | 208% | 379% | 225%
Company,"Jul 28, 2025 12.57 PM",akeneo.com,save | hide,Akeneo in product information management (PIM) &. technology company specializing akeneo com aleneo,"""201-500",Private Equity,2013,Series,Alven,"place General Mellinet; NANTES, FRANCE 44100, FR",4% | 7% | 4% | 7% | 49% | 93% | 132% | -5%
Company,"Jul 28, 2025 12.57 PM",sourcemap.com,save | hide,Sourcemap is a supply chain management software provider that offers solutions for_ sourcemap com sciurcemap stiurcemap,51-200,Venture Capital,2011,,,York;,~3% | 3% | -11% | -13% | -28% | 28% | 129% | 342% | 1%
Corevist,"Jul 28, 2025 12.57 PM",corevist.com,save | hide,Corevist; Inc. is a B2B software company that specializes providing integrated. corevist com Raleigh ctrevist,51-200,,2008,Series,Halstatt,7474 Creedmoor Road; #108;,5% | 2% | 2 % | 2% | -10% | -26% | 332% | -26% | ~48%
Cradle Technology Services (Pty) Ltd,"Jul 28, 2025 12.57 PM",cradle.co,save,solutions provider specializing in barcoding_. Cradle Technology Services technology cradle.co.za South Africa Western Cape Cape Town cradle-technology- services-pty-Itd,11-50,Venture Capital,2000,Series,Knife Capital,"Olive Grove Business Park; Old Paardevlei Road,",-4% | -4% | 4% | ~4% | -4% | 11%
Crisp,"Jul 28, 2025 12.57 PM",gocrisp.com,save | hide,provides data analytics company that collaborative commerce platform__ gocrisp com Bentonville gucrisp,201-500,Venture Capital,2016,Series,Cox Enterprises,"Bentonville, AR 72764, US",31% | 39% | 53% | 120% | 154% | 312% | 504% | 21%
Crofarm,"Jul 28, 2025 12.57 PM",crofarm.com,save | hide,company that connects farmers with __. Crofarm Agriproducts Pvt Ltd is an agri-tech crofarm com crofarm,"501-1,000",Private Equity,2016,Series,WestBridge Capital,"37 Arjun Marg; DLF Phase 1; Gurgaon; Haryana 122002, IN",~8 % | -12% | -16% | -16 % | -10% | 2% | 66 % | 150%
Cropin,"Jul 28, 2025 12.57 PM",cropin.com,hide,is an agriculture technology company that _ Cropin Technology Solutions Private Limited agriculture technology company that_. cropin com cropin-technology,201-500,Private Equity,2010,Series,abcworld com.sg,"Karnataka 560029, IN",~2% | -2% | ~8% | -8 % | -14% | -16 % | -16% | -24% | -6% | 6 % | 5% | 5 %
CSEMREENRTJRA],"Jul 28, 2025 12.57 PM",3vjia.com,,3VJIA is design solutions for the home decoration a__ software company specializing in es%bg%bf%ea__,"501-1,000",Venture Capital,2013,Series,FENFWree+TR,"Cm,CSA510663, CN",39% | 0% | ~2% | 18 % | 84%
Curri,"Jul 28, 2025 12.57 PM",curri.com,save | hide,Curri is a logistics company specializing in last-mile delivery services for construction_. curri com Ventura cuirri,51-200,Venture Capital,2018,,,"Ventura, California 93001,US","7% | 11% | 21% | 43% | 46% | 276% | 1,261% | 16 %"
dataplor,"Jul 28, 2025 12.57 PM",dataplor.com,save | hide,dataplor is a location intelligence provider that offers comprehensive data solutions to _. dataplor com (USA) diltaplor,51-200,Venture Capital,2017,,,"1200 N Federal Hwy; Boca Raton; Florida 33432, US",12% | 17% | 32% | 45% | 94% | 72% | 131% | -32%
Deck Commerce,"Jul 28, 2025 12.57 PM",deckcommerce.com,save | hide,specializing in order management systems technology provider deckcommerce com St: Louis duck-commerce,11-50,Venture Capital,2015,Series,Plymouth Growth,"Brentwood Blvd; St Louis, Missouri, US","-4% | -12% | -10% | 18 % | ~24% | 18 % | 46% | 1,148%"
Deskera,"Jul 28, 2025 12.57 PM",deskera.com,save | hide,Deskera is = offers integrated solutions for accounting;_ business software provider that Minneapolis duiskera,51-200,Venture Capital,2008,Series,Jungle Ventures,"729 N Washington Ave; 6th Floor; Minneapolis, MN 55401, US",~6% | -14% | -23% | -29% | 30% | ~25% | ~54% | 5%
Dexory,"Jul 28, 2025 12.57 PM",dexory.com,save | hide,in warehouse automation and analytics. The _ ' technology company specializing dexory com London buts-and-US,51-200,Venture Capital,2015,Series,Atomico,"Portobello; London; W1O 5JJ, GB",4% | 41% | 31% | 162% | 550%
Diginex,"Jul 28, 2025 12.57 PM",solutions.com,save | hide,Diginex is Diginex is a sustainability software provider that specializes in ESG reporting and supply_ sustainability software provider diginex - solutions com S.A.R Hong Kong diginex-solutions - esig,51-200,,2017,Series,0 Hearst Magazines,Kong;',
Dispatchlt,"Jul 28, 2025 12.57 PM",solutions.it,save | hide,Dispatch is a logistics company specializing in last-mile delivery solutions It offers a_ ~dispatchit com Bloomington dispatch-Ilc,51-200,Venture Capital,2016,,,"1401 W 94th Street; Bloomington, MN 55431, US",5% | 17% | 24% | 42% | 76 % | 161% | 182%
Distru,"Jul 28, 2025 12.57 PM",distru.com,save,Distru is : cannabis ERP solutions: It offers a_ software company specializing in distru com Oakland distru,11-50,Venture Capital,2016,Series,Global Founders Capital AF,"330 Znd St:; Oakland, CA 94607, US",13% | 25% | 40% | 59% | 25% | 96% | 180% | -28%
dolado,"Jul 28, 2025 12.57 PM",dolado.com,save,Dolado provider that connects sellers and industries_ digital marketplace and logistics dolado.com br crimpredolado,51-200,Venture Capital,2020,Series,Clocktower Ventures,"Sao Paulo, BR",2 % | 2% | 5% | ~31% | 127%
Dorabot,"Jul 28, 2025 12.57 PM",dorabot.com,save | hide,~smart warehouse solutions: They design _ robotics company specializing in dorabot com Peachtree Corners dorabot-inc:,51-200,Venture Capital,2015,Series,Sinovation Ventures (@IMI,"Peachtree Corners, Georgia GA 30071, US",~1% | 43% | 3% | -7% | -26% | -44% | ~37% | ~32%
DOSS.COM,"Jul 28, 2025 12.57 PM",doss.com,save | hide,Doss in providing enterprise resource planning_. software company that specializes San Francisco oilonata-operations,11-50,Venture Capital,2019,Series,20sales.vc,"San Francisco, CA, US",10% | 35% | 157% | 285% | 311%
Dropit,"Jul 28, 2025 12.57 PM",vault-inv.com,hide,Dropit is offers omnichannel fulfillment solutions and_ retail technology provider that dropit shop diopit-shopping,51-200,,2016,Series,vault-invcom,"Regent Street; United Kingdom , GB",-2% | 3% | -10% | ~25% | -19% | -23% | ~25%
Eaenu#IaEiXTRA],"Jul 28, 2025 12.57 PM",ebestmobile.com,save | hide,specializing in sales force automation. eBest Mobile is a technology company ~eBest Mobile = specializing in sales force automation _ technology company ebestmobile com %e4%b8%8a%e6. %e4%b8%8a%e6_,"501-1,000",Venture Capital,2000,Series,Sinovation Ventures (@IMiI,"m, Lwm 200030, CN",-6% | ~6% | 6 % | -6% | ~6 % | 6 % | 6 % | ~21% | 221% | ~21%
Earri#WEE TRA],"Jul 28, 2025 12.57 PM",fineex.com,save | hide,"Shanghai Fineex Supply Chain Management Co , Ltd_ logistics company that__. fineex com le4%b8%8a%e6_","501-1,000",Venture Capital,2006,Series,nla,"2Wb218588535*71+3217-32272; EXem, ENm",1% | 1% | -9% | ~34% | 30%
EASANTJRRA],"Jul 28, 2025 12.57 PM",mabangerp.com,save,"Mabang Technology Co , Ltd. comoanv specializing in cross ;-border e .. software mabangerp","501-1,000",Venture Capital,2010,Series,MNTtz VRMTJRRA ],"May 15, 2022",-13% | ~7% | -8 %
EaswiaaXTRA],"Jul 28, 2025 12.57 PM",coho.com,save,Shanghai Laoqin Information Technology Co Ltd. is a labor management software provide coho.com.cn %e4%b8%8a%e6_,51-200,Venture Capital,2014,Series,China Growth Capital,6041;,12% | 22%
Easyecom,"Jul 28, 2025 12.57 PM",solutions.it,save,specializing in eCommerce solutions It offer_ EasyEcom is a white-collar service company easyecomio ealsyecom,51-200,Venture Capital,2015,Series,nja,"BLOOMINGDALE LAYOUT, OPPOSITE QUETZEL,",5 % | 11% | 28% | 35% | 146% | 290% | 540%
Easyship,"Jul 28, 2025 12.57 PM",easyship.com,save | hide,offers eCommerce businesses tools to Easyship is shipping software provider that eaisyship,51-200,Venture Capital,2015,Series,500 Global,"61 Broadway; Suite 1705; New York; New York 10006, US",~2% | 2% | -7% | -17% | 7% | 48% | 96%
ecoplanet,"Jul 28, 2025 12.57 PM",ecoplanet.tech,,EcoPlanet Green Operations GmbH is an energy management company that offers. ecoplanet tech ecoplanet-green- operations,51-200,Private Equity,2022,Series,EQT Ventures,"MarsstraBe 46; Munich; Bavaria 80335, DE",20% | 12% | 104% | 218 % | 0%
Eden,"Jul 28, 2025 12.57 PM",jil.com,,Eden is provider that offers solutions for desk:_ workplace management software edenworkplace com San Francisco eclen-inc -,11-50,Venture Capital,2020,Series,spark jIl.com,"351 California St; Suite 1100; San Francisco, California 94104, US",11% | -4% | 4% | 9% | 20% | 27% | -15%
Elmt+RuaMtr A&),"Jul 28, 2025 12.57 PM",elitesland.com,,"Shanghai Elitesland Software System Co., Ltd. consulting and software development__. sciftware-system _ stianghai-elitesland-","501-1,000",Venture Capital,2004,Series,songyuancap com,"137t2815887521+[R+OOLZATEZE; Amg, Lim, CN",-0% | 8 % | 3% | 0% | 5% | 16 %
Emitwise,"Jul 28, 2025 12.57 PM",emitwise.com,save | hide,that provides solutions for businesses to tra_. carbon management company emitwise com London hitwise,51-200,Venture Capital,2019,Series,ArcTern Ventures,"Mar 30, 2022",
Engage3,"Jul 28, 2025 12.57 PM",engage3.com,save | hide,Engage3 F that provides innovative software solutions pricing intelligence company Davis eligage3,201-500,Private Equity,2008,,,"707 4th St; Davis, California 95616,US",4% | ~5% | 5% | 1% | ~9% | 79% | 123% | 86 % | ~42%
Enode,"Jul 28, 2025 12.57 PM",enode.com,save | hide,provides API solutions for connecting and_ an energy technology company that eriode-io,11-50,Venture Capital,2020,Series,BoxGroup,"Inkognitogata; Oslo, NO","3% | 7%/ | 7% | 20% | 66 % | 252% | 650% | 1,900% | 45%"
enVista,"Jul 28, 2025 12.57 PM",envistacorp.com,save | hide,enVista is a consulting firm specializing in supply chain strategy and enterprise _ envistacorp com (USA) erivista,201-500,Venture Capital,2002,,,"11555 N. Meridian St , Suite 300; Carmel, IN 46032,US",0% | 1% | 4% | -17% | -36 % | ~27%/ | 18 % | 5%
ENXMIETRXTRA&,"Jul 28, 2025 12.57 PM",welinkdata.com,save,specializing in digital economy solutions. WelinkData technology service provider Th_. %e4%b8%8a%e6_.,51-200,Venture Capital,2007,Series,nla,"200062, CN",~8 % | -8% | -11% | -17% | ~32% | -17%
Epic Gardening,"Jul 28, 2025 12.57 PM",epicgardening.com,save,Epic Gardening is a gardening supply retailer that offers wide range of products includin__. epicgardening com Broomfield ejiic-gardening,51-200,Venture Capital,2013,Series,Tcg,"660 Compton St; Broomfield, Colorado 80020, US","7%/ | 4% | 24% | 94% | 323% | 1,340% | 3,500% | -10%"
Epost Plus,"Jul 28, 2025 12.57 PM",epost.co,,specializing in eCommerce and L Epost technology solutions provider logistics Th_ Malaysia Sabah Kota Kinabalu epostplus,51-200,Venture Capital,2019,Series,nla,"Mile 5.5, Tuaran Road; Kota Kinabalu; Sabah; MY",4% | 4% | -8 % | -26 % | 4% | 4%
eSUB Construction Software,"Jul 28, 2025 12.57 PM",suite.no,save | hide,provider that offers solutions tailored for_ eSUB is : construction management software esub. com San Diego esub,51-200,Private Equity,2008,Series,Catalyst Investors,"4875 Eastgate Mall Suite No. 250; San Diego, CA 92121, US",-2% | -2% | 2% | ~8 % | -8% | -44% | 50% | ~39% | ~53% | 63%
Eturnity AG,"Jul 28, 2025 12.57 PM",eturnity.ch,save,Eturnity AG is specializing in renewable energy solutions. software company eturnity ch jurnity-ag,51-200,Private Equity,2012,Series,Alantra,,
Eupry,"Jul 28, 2025 12.57 PM",eupry.com,save | hide,Eupry is temperature compliance solutions for__ company that specializes in eupry com elpry-aps,51-200,Venture Capital,2014,Series,Chr: Augustinus Fabrikker,"~Hejrevej 28; 1; Copenhagen N, Capital Region of Denmark 2400,",17% | 23% | 35% | 40% | 110% | 207% | -24%
everstox,"Jul 28, 2025 12.57 PM",everstox.com,save | hide,~everstox is integrated logistics solutions for eCommerc__. logistics company that provides everstox com ~everstox,51-200,Venture Capital,2019,Series,Acton Capital,"GanghoferstraBe 68b; Munich, Bavaria 80339, DE",-16% | -12% | -7% | ~20% | 1% | 190% | 814% | 20%
Everysens,"Jul 28, 2025 12.57 PM",everysens.com,hide,specializing rail transport management logistics technology provider everysens com ~evrerysens,51-200,Venture Capital,2015,Series,Aglae Ventures,"11 bis rue Beaurepaire; Paris, Ile-de-France 75010, FR",-2% | -12% | -10% | -18 % | 10% | 36 % | 78% | 148%
EXA Kehu,"Jul 28, 2025 12.57 PM",kehutech.com,,KEHU is a technology company specializing in distribution automation solutions: offers kehutech com kehutech,51-200,Venture Capital,2015,Series,French Partners,"#ZK, Ei4i 200000,CN",-3% | 3% | 6 % | 6 % | 3%
EXA@#t WRTJRA&,"Jul 28, 2025 12.57 PM",burgeon.cn,save | hide,specializing in retail technology solutions_ Burgeon Technology is a software company burgeon.cn e4%b8%8a%e6_,201-500,Venture Capital,1990,Series,Calor Capital,"Jul 30, 2018",~1% | ~1% | 5% | 6 % | 16 % | 96%
Explorate,"Jul 28, 2025 12.57 PM",explorate.co,save,Explorate is in freight forwarding and supply chain_. logistics company specializing exploratehq,51-200,Venture Capital,2017,Series,Evp,"Valley , Queensland 4006, AU",~1% | -5% | 5% | -11% | 9% | 5% | 175% | 400%
FarmERPe,"Jul 28, 2025 12.57 PM",farmerp.com,save,FarmERP ~company that provides innovative farm __ FarmERP is an agriculture technology company that provides innovative farm __ an agriculture technology farmerp com farmerp-smart - platform,51-200,Venture Capital,2001,Series,TechnoGen IT Services Ind,"Unit No. 17, Znd Floor; Electronic Co-operative Estate Ltd ; Pune",-2% | -18% | -18 % | ~15% | -15% | -28% | 126% | 115% | 152% | 2%
Fergus,"Jul 28, 2025 12.57 PM",fergus.com,hide,Fergus is ~provider that offers solutions for trades. job management software New Zealand Auckland Auckland fergus-software - lirnited,51-200,Venture Capital,2012,Series,Evp,"65 New North Road, Eden Terrace; Auckland, Auckland 1021, NZ",-8 % | 6 % | -12% | -12% | 10% | 30% | 23%
Flexe,"Jul 28, 2025 12.57 PM",flexe.com,save | hide,flexible warehousing infrastructure and_. logistics company that provides Seattle fluxe,51-200,Private Equity,2013,Series,Activate Capital,"4786 Ist Ave S; 106; Seattle, Washington 98134,US",41% | 43% | ~3% | -7% | ~51% | ~50% | -12% | 49% | ~45%
Food Market Hub,"Jul 28, 2025 12.57 PM",foodmarkethub.com,save,Food Market Hub is provides procurement and inventory_. software company that Malaysia Kuala Lumpur Petaling Jaya fcodmarkethub,51-200,Venture Capital,2017,Series,500 Global,"100-2.0118013, 129 Offices (Block J), Jaya One, Jalan Prof",-7% | -18 % | ~15% | -15% | ~27% | ~33% | 32% | 416 %
Foyr,"Jul 28, 2025 12.57 PM",foyr.com,save | hide,Foyr i that provides innovative tools for interior __. an interior design software company foyr com fcyr,51-200,Venture Capital,2015,Series,jllcom,"37-05 74th Ave; 3rd Floor Jackson Heights,; New York; NY, US",~2% | 4% | 5% | 8 % | -4% | -3% | -12% | 0%
FreightAmigo,"Jul 28, 2025 12.57 PM",freightamigo.com,save | hide,FreightAmigo is a logistics company that specializes in supply chain management an_. S.A.R Hong Kong fr eightamigo,51-200,Venture Capital,2017,Series,nja,Tong;,9% | 9% | 27% | 64% | 360% | -2%
Fresho,"Jul 28, 2025 12.57 PM",fresho.com,save | hide,Fresho is wholesale food supply management: It offer_ software provider specializing in fresho-,51-200,Venture Capital,2016,,,"412 St Kilda Rd; Melbourne, Victoria 3004, AU",7% | 11% | 28% | 35% | 37% | 88% | 220%
Frontify,"Jul 28, 2025 12.57 PM",frontify.com,save | hide,Frontify is a brand management software company that offers solutions for organizing_ frontify com fr ontify,201-500,Private Equity,2013,,,"Unterstrasse 4; St Gallen, St Gallen 9000, CH",3% | 5% | 3% | 11% | 68 % | 141% | 13%
GearLaunch,"Jul 28, 2025 12.57 PM",gearlaunch.com,save | hide,GearLaunch is an e-commerce platform that specializes in print-on-demand services __. gearlaunch com (USA) #arlaunch,51-200,Venture Capital,2014,,,"5570 W 1730 S; Ste 900; Salt Lake City, Utah 84104,US","2% | 6% | 6 % | 26% | 68% | 104% | 132% | ""185%"
Geniemode,"Jul 28, 2025 12.57 PM",geniemode.com,save | hide,platform that specializes in supply chain__. Geniemode is tech-powered sourcing guniemode,201-500,Private Equity,2021,,,"Gurgaon, Haryana 122015, IN","-4% | 0% | 4% | 23% | 137% | 2,533% | 54%"
GoExpedi,"Jul 28, 2025 12.57 PM",goexpedi.com,save | hide,GoExpedi is an industrial supply company that revolutionizes the supply chain for heavy_. (USA) guexpedi,51-200,Private Equity,2017,,,"8844 N Sam Houston Pkwy W; Suite 210; Houston, Texas 77064,",-14% | -16 % | 16 % | -16 % | -49% | -66 % | 68% | -47%
GoFreight,"Jul 28, 2025 12.57 PM",gofreight.com,save | hide,GoFreight is in freight forwarding solutions. They software company specia provide _. llizing gofreight com Los Angeles hilrd-core - technology-corp_,51-200,Venture Capital,2017,Series,Cornerstone Ventures U4;,"Los Angeles, US",~1% | ~0% | -0% | 2% | 11% | -22% | 44% | 192% | -17%
Gokomodo,"Jul 28, 2025 12.57 PM",gokomodo.com,hide,company that provides an agricultural supply chain wide range of_ gukomodo,51-200,Venture Capital,2019,Series,East Ventures,"North Tower; Lantai 18; Jakarta, DKI Jakarta 12930, ID","7% | 7% | 18% | 18 % | 29% | 161% | 750% | 1,754% | ~37%"
Goodshutfle,"Jul 28, 2025 12.57 PM",goodshuffle.com,save,"Goodshuffle Pro is a software company that provides event rental management solutions. pro goodshuffle com Columbia Washington, DC.",11-50,Venture Capital,2015,Series,FINTOP Capital,,
GreenPocket GmbH,"Jul 28, 2025 12.57 PM",greenpocket.com,gave | hide,GreenPocket GmbH F energy management solutions company specializing They . ~offer greenpocket com eenpocket-gmbh,11-50,Venture Capital,2009,,,"SchanzenstraBe 6-20, Labor 3.09; Koln; 51063, DE",18 % | 25% | 18 % | 22% | ~2% | ~4% | -47%
GreyOrange,"Jul 28, 2025 12.57 PM",greyorange.com,save,specializing in warehouse automation and _ GreyOrange is a technology company greyorange com (USA) gugreyorange,"501-1,000",Venture Capital,2012,,,"120; Roswell, Georgia 30076, US",0% | 3% | 5% | 3% | 10% | 38% | 64% | -10%
Group,"Jul 28, 2025 12.57 PM",com.cn,hide,Enotek Group manufacturer and software solutions provid_ logistics equipment enotekcom Asliftchina,"""201-500",Venture Capital,2008,Series,octcapital com.cn,"No. 2337 Gudai Road, Minhang District; Shanghai,",~2% | ~3% | 43% | ~3% | 3% | ~4%
Grubtech,"Jul 28, 2025 12.57 PM",grubtech.com,save | hide,specializing in technology company restaura management__ grubtech com United Arab Emirates Dubai Dubai giubtech,51-200,Venture Capital,2019,Series,Addition,Al Abraj Street; 1201; Dubai; AE,"4% | 7% | 22% | 33% | 40% | ""213% | 840%"
Hicx,"Jul 28, 2025 12.57 PM",hicx.com,save | hide,provider that HICX is a supplier management software specializes enhancing-_ hicx com London hicx,51-200,Venture Capital,2004,Series,Wavecrest Growth Partner:,"Surrey Quays; 505; London; London SE8 SEN, GB",2% | -4% | -14% | 4% | 37% | 63% | 210% | 39%
Higharc,"Jul 28, 2025 12.57 PM",higharc.com,,Higharc = that offers an intelligent platform for homebuilding software provider higharc com higharc,51-200,Private Equity,2018,Series,Ferguson Ventures Inc,"Anywhere, US OOOOO, US",0% | 6 % | 29% | 86 % | 159% | 293% | 660% | 35%
Hivery,"Jul 28, 2025 12.57 PM",hivery.com,save | hide,HIVERY is a retail technology company specializing in Al-driven solutions for_. hivery com hivery,51-200,Private Equity,2015,Series,ASI Growth Partners,"Surry Hills, New South Wales 2010, AU",~66% | 90% | 98 % | 98 % | 98 % | 98 % | ~97% | 89%
HostBooks Limited,"Jul 28, 2025 12.57 PM",hostbooks.com,save | hide,HostBooks is a business automation solutions provider that offers range of software _. hostbooks com Astbooksindia,201-500,Venture Capital,2009,,,"18; Gurugram, Haryana 122015,IN",1% | 9% | 8% | 8 % | 31% | 93% | 81% | 80% | -36%
Hubilo,"Jul 28, 2025 12.57 PM",hubilo.com,save | hide,Hubilo is a technology company specializing in webinar software and event marketing_. (USA) hubilo,51-200,Venture Capital,2020,,,"94111, US","9% | -11% | 11% | ~25% | 25% | -56 % | -64% | -48% | ""147% | -55%"
HypaShip,"Jul 28, 2025 12.57 PM",hypaship.com,,HypaShip is a logistics technology provider that offers modular; end-to-end platform __. Witney hwpaship,51-200,Venture Capital,2011,Series,Concentric,"OX29 OYN, GB",5 % | 10% | 16% | 16 % | 16 % | 5% | -15%
Hyperlounge,"Jul 28, 2025 12.57 PM",hyperlounge.ai,save | hide,company that provides subscription-based_ 51-200 Iperlounge,44-41 0/0[42l2Tl is a data analysis service,Venture Capital,2020,Series,Altara Ventures,"485443374452 130; 4s2itji2 14012; 48544,",-8% | -32% | 32% | -32% | 32% | 30% | 40% | 133%
IdeaSoft Yazilim,"Jul 28, 2025 12.57 PM",ideasoft.com,hide,IdeaSoft is an e-commerce solutions provider that offers range cpricec including ideasoft com.tr Turkey istanbul Ayazaga ideasoft-yaz-|-m,201-500,Venture Capital,2005,Series,inventures,"Cumhuriyet Mah: Libadiye Cad. Cimen Sok No:2; Istanbul,",0% | 9% | 15% | 29% | 75% | -32%
ifesca GmbH,"Jul 28, 2025 12.57 PM",ifesca.de,save | hide,itesca GmbH is an energy management company that specializes in providing__ ifesca de ifosca ~gmbh,11-50,Venture Capital,2016,,,"Am Vogelherd 10; Ilmenau; Thuringen 98693, DE",8 % | -10% | -19% | 3% | 41% | 54%
Ignite,"Jul 28, 2025 12.57 PM",ignite.no,save,"that provides solutions for compliance, is a sustainable procurement platform igniteprocurement",51-200,Venture Capital,2017,Series,Arkwright X,"Nedre Vollgate 11; Sentrum; Oslo 0158,NO",2% | 2% | 5% | 18 % | 14% | 77% | 212% | 5%
ImageDT BEE#E,"Jul 28, 2025 12.57 PM",hsgcap.com,save | hide,Prometheus is specializing in time series data collection snecializing in time ceries data collection software company an - imagedt com imagedt:com iniagedt%e5%9b _ iniagedt%e5%9b_,51-200,Venture Capital,2016,,,"065110665; C2809;/Wm,r5Z 510000, CN",2% | ~2% | 2% | -2% | 2% | -2% | -14% | -11% | 14% | 84%
Impact Analytics,"Jul 28, 2025 12.57 PM",impactanalytics.co,gave | hide,specializing Al-powered solutions for retai_. technology company ipact-analytics,"501-1,000",Venture Capital,2015,Series,Blue Cloud Ventures,"368, 9th Avenue; 11-103; New York, New York 10001, US",7% | 14% | 31% | 74% | 132% | 199% | 224% | -12%
IndicaOnline POS Software,"Jul 28, 2025 12.57 PM",indicaonline.com,save | hide,IndicaOnline specializing cannabis technology solution __ cannabis technology softwar software company company solution _ indicaonline com Los Angeles indicaonline,51-200,Venture Capital,2011,Series,nla,"6464 W Sunset Blvd; Los Angeles, California, US",~6% | 6% | 7% | 7%/ | -17% | 17% | 12% | 133% | 211% | 180% | ~24% | -24%
Industrial Wireless Automation,"Jul 28, 2025 12.57 PM",coretigo.com,save | hide,specializing in industrial automation. They_ Coretigo technology solutions provider coretigo com ctretigo,51-200,Corporate,2017,Series,Amazon Industrial Innovatic,"Giborey Israel 5; Netanya, 4250405",-18 % | -23% | ~36% | ~49% | -48% | ~31%
Inpulse,"Jul 28, 2025 12.57 PM",inpulse.ai,,management and supplier ordering solution _ company that provides inventory duepsight,11-50,Venture Capital,2018,Series,High Flyers Capital,"83, Boulevard de Sebastopol; Paris, ile-de-France 75002,FR",10% | 17% | -8% | -8 % | 31% | 68 %
Insite Al,"Jul 28, 2025 12.57 PM",insite.ai,save,specializing in advanced analytics ad_ Insite Al is an solutions provider Bentonville insite-ai,51-200,Venture Capital,2019,Series,AIM,"Bentonville, Arkansas 72712, US",3% | 8% | 8 % | -4% | 4% | 1% | 116 % | 8 % | 318%
Inspectorio,"Jul 28, 2025 12.57 PM",inspectorio.com,save | hide,specializing in supply chain management__. technology solutions provider Minneapolis inspectorio,201-500,Private Equity,2015,Series,bossa invest,"6th St ; Suite 3900; Minneapolis, Minnesota MN 55402,",1% | 0% | 2% | 9% | 3% | 44% | 75% | 30%
InstaFreight,"Jul 28, 2025 12.57 PM",instafreight.de,hide,InstaTechnologies GmbH is a logistics InstaTechnologies CmbH is technology provider that offers logistics digital_. instafreight de instafreight-gmbh Load,"""201-500",,2016,Series,European Investment Bank,"OranienstraBe 25; Berlin, 10999, DE",-35% | 35% | -58% | -68% | -59% | -38%
inVia Robotics,"Jul 28, 2025 12.57 PM",inviarobotics.com,save | hide,provider that specializes in enhancing-_ inVia Robotics is a warehouse automation (USA) invia-robotics,11-50,Venture Capital,2015,,,"5701 Lindero Canyon; Westlake Village, CA 91362,US",3% | 71% | ~1% | 8 % | -8 % | -14% | -35% | 20% | 20% | 59%
iStore iSend,"Jul 28, 2025 12.57 PM",istoreisend.com,,"2o, ZozJ ea provider specializing in logistics and packin _ provider specializing commerce fulfillment logistics and packin . istoreisend com Se Malaysia Wviclayoic Kuala Lumpur Eeen Puchong Sl istore-isend",51-200,Venture Capital,2015,Series,Sceti,"Selangor 47120, MY",-3% | 4% | 2% | 5% | 18 % | 91% | 149% | -8 %
ItrxxbnitrefAJ,"Jul 28, 2025 12.57 PM",rtmap.com,save | hide,"RTMAP is a software service provider specializing in smart retail solutions and_ rtmap com %e5""8c%97%e4..",1-10,Venture Capital,2011,,,"Xiz,1L5, CN",34% | 1% | 1% | 5% | 27%
Iunu,"Jul 28, 2025 12.57 PM",iunu.com,,IUNU is an agricultural technology company that provides Al-assisted growing solutions. iunu com Seattle iunu,51-200,Venture Capital,2013,Series,Fcc,"558 Ist Ave S; Seattle, WA 98103, US",4% | -7% | -7% | -12% | 13% | 73% | 143% | 155%
Javelot,"Jul 28, 2025 12.57 PM",agriculture.com,save | hide,post-/ Javelot is an Agritech company specializing in harvest solutions for the agricultural__ javelot- agriculture com Bretonneux hallojavelot,51-200,Private Equity,2018,,,"France 59700, FR",9% | 22% | 38% | 38 % | 256% | 355% | 530%
jitiaei^TIRA-,"Jul 28, 2025 12.57 PM",maidiyun.com,save | hide,China Industrial Internet Research Institute is public entity focused on enhancing the_. maidiyun com %e8%bf%/88%e8_,51-200,,2015,,,"MmmTike=1116 56013; #mm, #;IFT 310000, CN",9% | 18 % | 15% | 11% | 18 % | 40% | ~72%
JST Group,"Jul 28, 2025 12.57 PM",jushuitan.com,save | hide,"28, 2025 12.57 PM Shanghai JUSHUITAN Network Technology CO,LTD. co.LTD. is a SaaS provider specializing in e_ SaaS provider specializing in jushuitan com %e4%b8%8a%e6_. %e4%b8%8a%e6.","1,001-5,000",Private Equity,2014,Series,Series C,"Shenchang Road 990; Shanghai, 200000, CN",18 % | 18%
Jungheinrich company,"Jul 28, 2025 12.57 PM",arculus.de,save | hide,arculus is a technology company in the development = high-â‚¬ end mobile robo specializing arculus de arculus-gmbh,51-200,Venture Capital,2016,Series,Atomico,"BalanstraBe 73; Haus 10; Munich, Bavaria 81549, DE",2% | 3% | 7% | 27% | -71%
Kardinal,"Jul 28, 2025 12.57 PM",kardinal.ai,save | hide,"28, 2025 12.57 PM that specializes Kardinal is a logistics optimization company that specializes in Al-driven solutions for_. Al-driven solutions for__. kiirdinalai kairdinalai",11-50,Venture Capital,2015,Series,Bgv,"Victoire; Paris, Ile-de-France 75009, FR",~1% | 32% | 7%/ | 7% | 3% | 14% | 128% | 128 % | 128 % | 128%
Katana Cloud Inventory,"Jul 28, 2025 12.57 PM",katana.cloud,,Katana cloud inventory management solutions: software company that provides katanamrp: com Estonia Harju Tallinn Itanamrp,51-200,Private Equity,2017,Series,42cap,"Staapli 12; 13; Tallinn, Harju 10415, EE",-13% | -16% | -16 % | -16% | -16 % | -18% | 8 % | 137% | 447% | -18%
Keen Decision Systems,"Jul 28, 2025 12.57 PM",keends.com,save | hide,analytics company analytics company that provides an Al _ {tha provides marketing Al-_ keends com Durham keen-strategy-Ilc,11-50,Venture Capital,2010,Series,Ballast Point Ventures,"27709, US",10% | 18 % | 10% | -1% | -1% | 13% | 54% | 72%
Kevala,"Jul 28, 2025 12.57 PM",kevala.com,save | hide,provides software solutions provides software solutions for grid_ an energy analytics company that energy analytics company that grid. kevala com San Francisco keivala-inc- keivala-inc -,51-200,Venture Capital,2014,Series,C5 Capital,"550 California St; #625; San Francisco, California 94104, US",-12% | ~40% | -40% | -20% | ~20% | -26% | -35% | 41% | 177% | 225% | ~25%
Khetika,"Jul 28, 2025 12.57 PM",superzop.com,save | hide,SuperZop is an agri-tech company that connects farmers to retailers through a. superzop com sliperzop,51-200,Private Equity,2016,Series,Incofin Investment Manage,"Mumbai, IN",5% | 13% | 20% | 26% | 70% | 262% | 346% | 204%
Khulal,"Jul 28, 2025 12.57 PM",khula.co,save | hide,Khula digital solutions for farmers and buyers an agri-tech platform that provides Ath;; khula.co.za South Africa Gauteng Johannesburg ktiulaagriculturete __.,11-50,Venture Capital,2016,Series,Absa Group,"Bompas Road Dunkeld West; Johannesburg, Gauteng 2191,",21% | 31% | 78% | 78 % | 66 % | 85 % | 138 % | 455% | -14%
Kiddom,"Jul 28, 2025 12.57 PM",kiddom.co,save | hide,Kiddom is an educational technology provider that offers comprehensive digital curriculu__. kiddom co San Francisco kiddom,51-200,Venture Capital,2015,,,"San Francisco, California, US",20% | 33% | 34% | 112% | 101% | 172% | 262% | -29%
Kinexon,"Jul 28, 2025 12.57 PM",kinexon.com,,specializing in industrial automation solution: KINEXON i technology company kinexon com kinexon,201-500,Private Equity,2012,Series,BMW i Ventures,"Schellingstr: 35; Munich, Bavaria 80799,DE",-4% | -10% | -11% | 11% | -17% | -16 % | 13% | 23% | ~20%
Kleene.ai,"Jul 28, 2025 12.57 PM",kleene.ai,save | hide,"28, 2025 12.57 PM ~solutions provider that offers solutions provider that offers Kleene.ai is ~data management ad Al data management and Al range of__ range of_.. kleene: kleene.ai (UK) minoro",51-200,Venture Capital,2017,Series,Episode 1 Ventures,"32-38 Leman Street, Aldgate East; Aldgate East; London,",~5% | 5% | -12% | ~14% | -14% | ~25% | ~46% | -46% | 6% | -15%
Kojo,"Jul 28, 2025 12.57 PM",usekojo.com,save | hide,Kojo is material management solutions for the__ material management solutions for the: software company that provides San Francisco aglora-systems-inc arlora-systems-inc,51-200,Venture Capital,2018,Series,8vc,"San Francisco, California 94103, US",7% | 13% | 8 % | 31% | 62% | 20%
Kraaft,"Jul 28, 2025 12.57 PM",kraaft.co,save | hide,in construction project management solutio__ Kraaft is - software company that specializes kraaft-co,11-50,Venture Capital,2020,Series,Brick =,"99, Rue La Fayette; Paris, Ile-de-France 75010, FR",9% | 51% | 64% | 115% | 124% | 211% | 366%
Lambent,"Jul 28, 2025 12.57 PM",lambentspaces.com,save | hide,specializing in space planning solutions. Lambent Spaces is a software company Lambent Spaces is specializing in space planning solutions Th__. software company Th _. lambentspaces com (USA) armoredthings,11-50,Venture Capital,2016,,,"Boston; MA, US",9% | 11% | 5% | -14% | ~22%
LBB,"Jul 28, 2025 12.57 PM",ibb.co,save | hide,LBB is a technology company that specializes in mobile ordering solutions for the food__ Ibb.co.jp ~Japan Osaka Osaka nia,201-500,Venture Capital,2018,Series,nla,,
LeanDNA,"Jul 28, 2025 12.57 PM",leandna.com,save | hide,LeanDNA is in inventory optimization and supply chain_. software company specializing (USA) Ieandna,51-200,Venture Capital,2014,,,"611 $ Congress Ave; Suite 300; Austin, Texas 78704,US",5% | 3% | 6 % | ~17% | 23% | 31% | 102% | 26%
LevaData,"Jul 28, 2025 12.57 PM",ievadata.com,hide,software provider that specializes supply chain management direct _ Ievadata com Pleasanton levadata-inc,51-200,Venture Capital,2013,Series,Banneker Partners,Floor;,-18 % | -27% | ~57% | 59% | ~54% | 28 %
Leverage,"Jul 28, 2025 12.57 PM",tryleverage.ai,hide,Leverage Al is company that offers Al-powered solutions supply chain management Ivrginc,51-200,Venture Capital,2018,Series,Chicago Ventures,New York; US,"~2% | 16% | 16 % | -10% | -10% | 29% | 400% | 1,650% | -12%"
LINGXING Network Technology,"Jul 28, 2025 12.57 PM",lingxing.com,save | hide,Lingxing ERP is a software company specializing providing ERP solutions for .. lingxing com %e6%b7%b1%e5_,"501-1,000",Venture Capital,2017,,,"Dec 14, 2021",19% | 184%
Livespace,"Jul 28, 2025 12.57 PM",livespace.io,,Livespace is offers comprehensive platform designed - CRM software provider that Warsaw Iin 'espace,11-50,Private Equity,2013,Series,Aria,"Rejtana; 17/12; Warszawa, Mazowieckie 02-516, PL",3% | F1% | 1% | 43% | 73% | 68 % | 103% | 126 % | -17%
Logcomex,"Jul 28, 2025 12.57 PM",logcomex.com,hide,Logcomex is a logistics technology company that provides software solutions for planning_ logcomex com Cidade De. logcomex,201-500,Private Equity,2016,Series,Alexia Ventures,"andar; Curitiba, Parana",4% | 6 % | 12% | 23% | 14% | 118 % | 451%
LogicLadder,"Jul 28, 2025 12.57 PM",logicladder.com,save,LogicLadder E provider that offers solutions for energy_. sustainability software logicladder com logicladder,51-200,Venture Capital,2011,Series,Rainmatter by Zerodha,"Unitech Cyber Park; Sector 39; Gurugram,",-10% | 24% | 60% | 26 % | 32%
"Logile, Inc.","Jul 28, 2025 12.57 PM",logile.com,save | hide,Logile is offers software solutions for labor_. retail technology provider that Southlake logile-inc-,201-500,Private Equity,2005,Series,Sixth Street,"Southlake Blvd ; Suite 120; Southlake, TX 76052, US",1% | ~2% | 2% | ~6% | 6% | 3% | 28% | 55% | -28%
Logistics Operating,"Jul 28, 2025 12.57 PM",grydd.com,save,specializing in supply chain solutions. They__ Grydd logistics software provider Seattle giydd,51-200,Venture Capital,2018,Series,BDev Ventures,"2815 Elliott Ave; 10O; Seattle, Washington 98121, US",-9% | -6% | 6 % | -6% | 6 % | -17% | 16 % | 93% | 480%
Logiwa,"Jul 28, 2025 12.57 PM",logiwa.com,save | hide,Logiwa is warehouse management and fulfillment__. software company specializing in Chicago logiwa,51-200,Private Equity,2017,,,"233 5 Wacker Dr; Suite 4400; Chicago, Illinois 60606, US",3% | -0% | 0% | -14% | -16 % | 21% | 131% | 195% | -57%
Logixboard,"Jul 28, 2025 12.57 PM",logixboard.com,save | hide,Logixboard is a logistics technology provider that offers a customer experience platform_. logixboard com Seattle logixboard,51-200,Private Equity,2016,,,"1100 NE Campus Pkwy; Suite 200; Seattle, Washington 98105,",~2% | ~2% | 2% | -41% | -60% | -52% | 27% | 206% | 4%
LoyaltyLion,"Jul 28, 2025 12.57 PM",ioyaltylion.com,save | hide,LoyaltyLion is offers software solutions to enhance: loyalty program provider that Ioyaltylion com London Ioyaltylion,51-200,Venture Capital,2012,Series,Kennet Partners,"20 Farringdon Street; London; England EC4A 4AB, GB",~5% | 5% | ~2% | ~20% | -29% | -17% | 73% | 0%
Lucidchart,"Jul 28, 2025 12.57 PM",lucidchart.com,save | hide,Lucid Software Inc. is that offers web-based diagramming_ software company lucidchart com South Jordan lucidchart,"1,001-5,000",Venture Capital,2010,Series,nla,"Feb 28, 2021",~21%
Makersite,"Jul 28, 2025 12.57 PM",makersite.io,save | hide,Makersite is in product lifecycle intelligence and_ software company specializing Stuttgart makersitede,51-200,Venture Capital,2018,Series,Hitachi Ventures,"KonigstraBe 43b; Stuttgart; Baden-Wiirttemberg 70173, DE",13% | 32% | 64% | 154% | 431% | 963% | 963% | -20%
Mappedin,"Jul 28, 2025 12.57 PM",mappedin.com,save | hide,Mappedin Inc_ is a mapping software provider specializing in indoor mapping and navigatio_. mappedin com FI Canada Ontario Waterloo mappedin,51-200,Private Equity,2011,Series,Channel Equity Partners,"14 Erb St W; Waterloo, Ontario NZL 1S7, CA",~1% | 2% | ~1% | -7%6 | 28% | 48% | 86 %
MarketUP,"Jul 28, 2025 12.57 PM",marketup.com,save | hide,MarketUP is that offers comprehensive ERP solution_. business management platform marketup brasil,11-50,Venture Capital,2012,,,"Avenida Paulista,854; 170 andar; Sao Paulo, Sao Paulo 01310913,",8 % | 9% | ~15% | -15% | -18 % | -18% | -13%
mater,"Jul 28, 2025 12.57 PM",mater.com,save | hide,m3ter is usage-based billing solutions for BZB_. software company specializing in London,51-200,Private Equity,2020,Series,Insight Partners,"London, GB",~5% | -7%6 | -7% | -16% | -16 % | 4% | 50% | 410%
Meal Ticket,"Jul 28, 2025 12.57 PM",mealticket.com,save | hide,Meal Ticket is a software company that provides specialized solutions for foodservi__. mealticket com Boise meal-ticket,51-200,Venture Capital,2010,Series,Techstars,"1555 SHORELINE DRIVE; #150; BOISE, Idaho 83702,US","3% | 10% | 10% | 6% | 51% | 127% | ""156%"
melonn,"Jul 28, 2025 12.57 PM",melonn.com,save | hide,Melonn is = fulfillment services for logistics company specializing in ~commerce and:_ melonn com Colombia Antioquia Puerto Nare,51-200,Venture Capital,2020,Series,Global Founders Capital AF,"Medellin; Antioquia 050022, CO",~5% | ~1% | 2% | 8% | 14% | 626% | 9%
MI2107lz,"Jul 28, 2025 12.57 PM",logiless.com,hide,MtaIu)LX is a logistics technology company that = specializes providing _ corp logiless com giless,51-200,Venture Capital,2017,Series,CommerceMedia Inc:,"0031, JP",16% | 31% | 61% | 162% | 320% | 320%
Mushiny Intelligence,"Jul 28, 2025 12.57 PM",topping-capital.co,save | hide,Mushiny is a robotics company specializing in intelligent logistics solutions: They provide . mushiny com mushiny- intelligence Fco ~Itd,201-500,Venture Capital,2016,Series,topping-capital com,"Suzhou Industry Park Xingpu Road #333; Suzhou, Jiangsu; CN",~1% | 33% | 3% | 6% | 54% | 192% | 310% | 446%
MyTime,"Jul 28, 2025 12.57 PM",mytime.com,save,"scheduling, point of sale, and software company that provides marketing_ mytime com Los Angeles mytime",11-50,Venture Capital,2013,,,"5670 Wilshire Blvd; PH4; Los Angeles, California 90036,US",1% | 7% | 10% | 31% | 134% | 155% | 217%
Naologic,"Jul 28, 2025 12.57 PM",al-enabled.no,save,Naologic is Naologic / Al-enabled no-code platform for Al-enabled no-code platform software company that offers an software company that offers for building_ building_. naologic com San Francisco lologic Iologic,51-200,Venture Capital,2017,Series,nja,"San Francisco, California 94103, US",-9% | 9% | -16% | -16 % | 11% | 42% | 233% | 233%
Napta,"Jul 28, 2025 12.57 PM",napta.io,save | hide,Napta is a staffing solution provider that offers comprehensive platform for staffing and_. pickyourskills,51-200,Venture Capital,2016,Series,Kerala Ventures,"63, Rue Saint-Sabin; Paris, ile-de-France 75011, FR",1% | ~4% | 4% | ~2% | 12% | 0%
Nexite,"Jul 28, 2025 12.57 PM",nexite.io,hide,specializing in loT and Al solutions for fashio_ retail technology company Aviv-Yafo nexiteretail,51-200,Venture Capital,2017,Series,Battery Ventures,"126 Igal Alon; Tel Aviv, Tel Aviv, IL",5 % | 10% | 12%
NextBillion.a,"Jul 28, 2025 12.57 PM",nextbillion.ai,,specializing in logistics and route optimizati_ NextBillion.ai is a software company nextbillion.ai extbillion-ai,51-200,Venture Capital,2020,Series,Microsoft Accelerator,"Straits Vw; Marina South, Singapore 018978, SG",-10% | -10% | -16% | -23% | -13% | 23% | 97% | 25%
Nyshex,"Jul 28, 2025 12.57 PM",nyshex.com,save,NYSHEX is a logistics technology company that provides digital infrastructure for global__. nyshex com nW-york-shipping- exchange-nyshex-,51-200,Private Equity,2014,,,"New York, NY 10004, US",33% | 3% | -13% | 435% | ~24% | -14%
Omnea,"Jul 28, 2025 12.57 PM",omnea.co,save | hide,that offers Omnea is a procurement automation provider suite of software solutions__. London oinnea,51-200,Venture Capital,2022,Series,Accel,"London, GB","48% | 71% | 154% | 456% | ,800% | 13%"
One Data,"Jul 28, 2025 12.57 PM",onedata.ai,save,"provider that specializes in building,_ data management solutions e-data-it",201-500,Venture Capital,2013,Series,HV Capital,"PrinzregentenstraBe 50; Munich; Bavaria 80538, DE",~1% | ~2% | 2% | -10% | ~21% | 4%
Onebrief,"Jul 28, 2025 12.57 PM",onebrief.com,save | hide,Onebrief is company that provides innovative tools for_ military planning software onebrief com Honolulu ollebrief,51-200,Venture Capital,2019,,,"3161 Ala Ilima St; Honolulu; Hawaii 96818,US","16 % | 46% | 129% | 506% | 1,005% | 2,250% | 3,660%"
OneRail,"Jul 28, 2025 12.57 PM",onerail.com,save,last mile delivery solutions. They offer OneRail is = logistics company specializing in onerail com Orlando erail-finalmile,51-200,Venture Capital,2018,,,"8427 Southpark Circle; 200; Orlando, Florida 32819, US",10% | 11% | 32% | 24% | 85 %
ONES.com,"Jul 28, 2025 12.57 PM",ones.com,save | hide,company that offers company that offers a comprehensive__ ONES.com is = software development compre ensive ones com ones.com San Jose ~srart-ones srnart-ones,201-500,Venture Capital,2015,,,"San Jose, California, US",~0% | -0% | 5% | 5 % | 4% | 4% | 108 % | 108%
Onfleet,"Jul 28, 2025 12.57 PM",onfleet.com,save | hide,specializing in last mile delivery solutions T_ Onfleet is a logistics software provider onfleet com San Francisco ollfleet,51-200,Private Equity,2015,Series,Almanac,"717 California St; San Francisco, California 94108, US",5% | 2% | 7%/ | 7% | -12% | ~25% | 6% | 137% | -23%
Opal,"Jul 28, 2025 12.57 PM",workwithopal.com,hide,provides marketing technology company that comprehensive platform for_. workwithopal com Portland opal-software,51-200,Venture Capital,2011,Series,Accel,"1060 NW 9th Avenue; Portland, OR 97209, US",5 % | -1% | -0% | 1% | 3% | 2% | 11% | -27%
Optera,"Jul 28, 2025 12.57 PM",opteraclimate.com,save,company that provides solutions for. carbon management software opteraclimate com Boulder ~point380,11-50,Venture Capital,2006,Series,AngelList,"1215 Spruce St; 201; Boulder; Colorado 80302, US",-29% | -25% | -22% | -17% | 29% | 200% | 2%
Optilogic Inc.,"Jul 28, 2025 12.57 PM",optilogic.com,hide,that Optilogic is offers advanced solutions for supply- supply chain software provider optilogic com Ann Arbor optilogic,51-200,Venture Capital,2019,Series,MK Capital |,"Main St; Ann Arbor; Michigan 48104, US","22% | 38 % | 67% | 159% | 284% | 746% | 3,075 % | 42%"
OptimoRoute,"Jul 28, 2025 12.57 PM",optimoroute.com,save | hide,comoanv company that provides solutions for delivery _. that provides solutions for delivery_. Troute optimization software route optimization software optimoroute com Palo Alto optimo-route,51-200,Venture Capital,2012,Series,Series A,"Palo Alto, US",3% | 3 % | 1% | 48% | 52% | 89% | 205% | 58 % | 58%
OrderStorm Inc:,"Jul 28, 2025 12.57 PM",orderstorm.com,save | hide,specializing in unified commerce solutions_. OrderStorm is a technology company orderstorm com Littleton olderstorm-inc-,51-200,Venture Capital,2008,Series,Rockies Venture Club,"Mar 4, 2019",
Oro Inc:,"Jul 28, 2025 12.57 PM",oroinc.com,save | hide,Oro Inc is eCommerce and CRM solutions. They offer _. software company specializing in oroinc com (USA) olo-inc-,51-200,Private Equity,2012,,,"1901 Avenue of the Stars; Suite 1900; Los Angeles, California","""15% | 34% | 44%"
Outbuild,"Jul 28, 2025 12.57 PM",outbuild.com,save | hide,Outbuild is specializes software company that construction scheduling and:_ San Francisco pl oplannerconstru__.,51-200,Venture Capital,2021,Series,Bgv,"2021 Fillmore St; San Francisco, California 94115, US",9% | 27% | 84% | 84% | 7%
Pando,"Jul 28, 2025 12.57 PM",pando.ai,save | hide,Pando is a technology company specializing in Al-powered supply chain management _ Chicago lirnited piindocorp-private - piindocorp-private-,201-500,Venture Capital,2018,,,"220 N, Green St; Chicago, IL 60607, US",4% | -3% | 3% | 9% | 7% | -24%
Parabola,"Jul 28, 2025 12.57 PM",parabola.io,save | hide,~data automation and process management___ SaaS provider specializing San Francisco pilrabola-labs,11-50,Venture Capital,2017,Series,Abstract,"San Francisco, CA, US",1% | 17% | 44% | 54% | 51% | 58 % | 100% | 6 %
ParallelDots,"Jul 28, 2025 12.57 PM",paralleldots.com,hide,specializing retail execution software_ ' technology company Seattle plralleldots,51-200,,2017,,,"600 Stewart Street;; Suite 300 and 400; Seattle, Washington",0% | ~0% | -0% | 10% | 34% | 146% | 234% | 389%
paretos,"Jul 28, 2025 12.57 PM",paretos.com,save | hide,in decision intelligence solutions. It offers AI__. Paretos technology company speciae lizing paretos com Heidelberg pilretosai,51-200,Private Equity,2020,Series,Acton Capital,"Palo-Alto Platz 13; Heidelberg, Baden-Wurttemberg 69124,DE",3% | 23% | 52% | 52% | 70% | 431%
Partful,"Jul 28, 2025 12.57 PM",partful.io,save | hide,Partful is a software company that specializes in providing 3D exploded parts catalogs and_ (UK) stimsonvt,11-50,Private Equity,2017,,,"24 Lever Street; Third Floor; Manchester; England MI 1DZ, GB",4% | 7% | 10%
Pbal (1tz) @T0ST04&,"Jul 28, 2025 12.57 PM",huimin.cn,hide,chain management company that specialize._ PMER (Huimin) logistics and supply huimin cn Chaoyang; %e4%b8%ad%e5_,11-50,Private Equity,2013,Series,China Renaissance #454,"QA6A,1L5, CN",75 % | 1% | 0% | -63% | -66 % | -50%
Pepper,"Jul 28, 2025 12.57 PM",usepepper.com,save | hide,Pepper i provides Pepper is = provides eCommerce solutions for food__ eCommerce technology company that solutions for food . usepepper com fepepper epepper,11-50,Venture Capital,2019,Series,Greylock,New York City; New York; US,1% | 5% | 60% | 216% | 216 % | 309% | 950% | 888% | 47%
Petpooja,"Jul 28, 2025 12.57 PM",udaan.com,save,"Prayosha Food Services Private Limited is restaurant technology provider specializing petpooja com 1,001- 000 289 India Gujarat Ahmedabad putpooja-prayosha- fcod-service-pvt _",,,2011,Series,Aroa Venture Partners,"3rd Floor; Gopal Palace; Nehrunagar; Ahmedabad,",11% | 20% | 34% | 77% | 160% | 395% | 596 %
Physna,"Jul 28, 2025 12.57 PM",physna.com,save | hide,specializes technology company that 3D geometric search and_. physna com Columbus pliysna-Ilc,51-200,Private Equity,2015,Series,GV (Google Ventures),"250 West St; Columbus, Ohio 43215, US",~9% | -28% | ~37% | -37% | ~42% | ~56% | ~31% | 27% | 774%
Pico,"Jul 28, 2025 12.57 PM",picomes.com,save | hide,Pico MES is a technology solutions company that specializes in digital manufacturing_ picomes com San Francisco picomes,11-50,Venture Capital,2017,Series,Congruent Ventures,"San Francisco, CA 94116, US",~3% | ~31% | -31% | ~15% | 6 % | 28% | 77% | 433% | 134%
Pietra,"Jul 28, 2025 12.57 PM",pietrastudio.com,save | hide,Pietra is an e-commerce platform for entrepreneurs__ technology company that provides (USA) pietra-marketplace,11-50,Venture Capital,2019,Series,Abstract,"New York, NY 11201,US","3% | 8 % | 8% | 13% | ~47% | 265% | 1,077% | 960%"
Pixibo,"Jul 28, 2025 12.57 PM",wearepixibo.com,,Pixibo is a technology company specializing in size and fit solutions for the fashion retail _ pixibo,11-50,Venture Capital,2016,Series,Atlas Ventures,"Feb 23, 2021",
plancraft,"Jul 28, 2025 12.57 PM",plancraft.de,save | hide,cloud-based solutions for tradespeople and_. Plancraft is software company that provides plancraft de plancraft-software,51-200,Venture Capital,2020,Series,BitStone Capital,"Flora-Neumann-StraBe 6; Hamburg; 20357, DE","18 % | 42% | 141% | 235% | 642% | 1,055% | -94%"
Plandek,"Jul 28, 2025 12.57 PM",plandek.com,save | hide,Plandek is specializes in providing engineering-_. software company that plandek com London plandek,11-50,Private Equity,2017,Series,YFM Equity Partners,"SEI OHS, GB",11% | 19% | 44% | 63% | 157% | 206% | 145% | -15%
Planet FWD,"Jul 28, 2025 12.57 PM",planetfwd.com,save | hide,Planet FWD is a consulting firm specializing in decarbonization solutions for businesses in__. (USA) planet-fwd,11-50,Venture Capital,2019,Series,Acre Venture Partners,"San Francisco, US","2% | -7% | ""7% | 7% | 5% | 40% | 216 % | 850% | -30%"
PlanRadar,"Jul 28, 2025 12.57 PM",planradar.com,save | hide,PlanRadar is a software company that provides digital platform for construction__. planradar,201-500,Private Equity,2013,,,"Wien, Wien 1010, AT",1% | 4% | 1% | 35% | 155% | 373% | 2%
PlatformE,"Jul 28, 2025 12.57 PM",platforme.com,,"that offers the RIPE SDK, enabling business. Platforme software development company platforme - international",11-50,Venture Capital,2016,Series,nla,"Rua Sa da Bandeira; 605; Porto, Porto 4000-437, PT",~5% | 5% | ~15% | -15% | 5% | 4% | 11% | 31%
Plecto Latinoamerica,"Jul 28, 2025 12.57 PM",plecto.com,save,performance management solutions through Plecto software company that provides Guatemala Guatemala Guatemala City plecto-latin-america,1-10,Venture Capital,2012,Series,Nordic Eye Venture,"Jun 27, 2019",-44%
Polestar Analytics,"Jul 28, 2025 12.57 PM",polestarllp.com,hide,Polestar Solutions specializing in Al and analytics solutions consulting firm tor . polestarllp com Dallas polestarsolutions__,"501-1,000",Venture Capital,2012,Series,nla,"4131 NCX; Suite 900; Dallas, Texas 75204,US",-23%
Praktis,"Jul 28, 2025 12.57 PM",praktis.co,save | hide,Praktis is a supply chain solutions provider that specializes in manufacturing and logisti__ plakasa-triputra - stilusi,201-500,Venture Capital,2017,Series,East Ventures,"Jakarta, ID","8 % | -10% | 1% | 9% | 165% | 600% | 1,400% | 19%"
Prewave,"Jul 28, 2025 12.57 PM",prewave.com,,~company that offers solutions for risk__ supply chain management prewave com plewave,201-500,Venture Capital,2017,Series,Creandum,"Rothschildplatz 4; 3rd Floor; Vienna, 1020 , AT","33% | 7% | 26% | 119% | 438% | 1,085 % | 2,533% | 72%"
Pricemoov,"Jul 28, 2025 12.57 PM",pricemoov.com,save | hide,offers solutions for price management __ Pricemoov is pricing software provider that pricemoov com plicemoov,51-200,Venture Capital,2016,Series,Bpifrance,"37 Avenue Trudaine; Paris, France 75009, FR",~6% | -21% | ~48% | ~69% | ~72% | ~46% | ~34% | 23%
Printerous,"Jul 28, 2025 12.57 PM",printerous.com,save | hide,specializing in print and packaging solutions_. BZB e-procurement platform printerous com plinterous,51-200,Venture Capital,2015,Series,AddVentures by SCG,"Raya Kebayoran Lama No.333 A-B, Kebayoran Lama_",-10% | -18 % | -23% | ~43% | ~66% | ~70% | 68 %
Proggio,"Jul 28, 2025 12.57 PM",proggio.com,gave,Proggio is provider that offers project management software comprehensive platfor _ ploggio,11-50,Venture Capital,2015,Series,2.0 Ventures,"13 Hataas St;; Kfar Saba, Hasharon Distinct, IL",-11% | -15% | -31% | 31% | -27% | -11% | 10% | 88 % | 19%
ProjectManager,"Jul 28, 2025 12.57 PM",zeusmanagement.com,hide,ProjectManager F ~softwa provider that offers project management comprehensi._ projectmanager:com Austin plojectmanager-com,11-50,Venture Capital,2008,Series,zeusmanagement com,"3420 Executive Center Drive; Austin, Texas 78731,US",3% | 11% | 11% | 26% | 40% | 76% | -12%
Prokeep,"Jul 28, 2025 12.57 PM",prokeep.com,save | hide,that provides communication solutions for. customer engagement platform prokeep com New Orleans plokeep,51-200,Venture Capital,2016,Series,bensoncpcom,"New Orleans, LA 70115, US",6 % | ~8% | -8 % | 2% | 14% | 80% | 152% | 304% | -4%
Proton.ai,"Jul 28, 2025 12.57 PM",proton.ai,hide,Proton providing Al-powered CRM and sales providing Al-powered CRM and sales: software company that specializes Cambridge ploton-ai,11-50,Venture Capital,2018,Series,Abstract,"160 Alewife Brook Pkwy; #1147; Cambridge, Massachusetts",6 % | 12% | 34% | 44% | 6 % | 72% | 313% | 8 %
Proximity,"Jul 28, 2025 12.57 PM",proximityinsight.com,save | hide,"JJul 28, 2025 12.57 PM Proximity is specializing in clienteling solutions for retail_ specializing in clienteling solutions for retail__ retail technology provider 'retail technology provider proximityinsight com (UK) ploximity-insight",11-50,Venture Capital,2018,Series,Gresham House,"Runway East, 52 Tabernacle Street; London, England ECZ A4NJ,","-7%6 | ~7% | -9% | ~9% | 9% | -13% | ~20% | ""7% | -7% | 44% | 44% | -6%"
PT Esensi Solusi Buana (ESB),"Jul 28, 2025 12.57 PM",esb.id,,Esensi Solusi Buana that specializes in providing cloud-based _ technology company pI-esensi-solusi - buana,201-500,Private Equity,2018,Series,Alpha JWC Ventures,Tangerang; ID,3% | 7% | -1% | 1% | -12% | 58 % | 290% | 5%
QueueBuster POS,"Jul 28, 2025 12.57 PM",queuebuster.co,,offers QueueBuster is a technology company that comprehensive point-of-sale (POS)__ queuebuster co queuebuster-co,51-200,Venture Capital,2015,Series,Chiratae Ventures,"Noida, Uttar Pradesh 201307, IN",41% | -0% | 0% | 6 % | 11%
Quincus,"Jul 28, 2025 12.57 PM",quincus.com,hide,specializes Quincus is logistics technology provider that Al-driven solutions supply__ quincus com lincus,201-500,Venture Capital,2014,Series,nla,"068914, SG",~7% | -16% | -24% | ~38% | ~50% | -12% | 47% | ~84%
Rebuy Engine,"Jul 28, 2025 12.57 PM",rebuyengine.com,save | hide,Rebuy specializing white-collar service company ecommerce personalization __. rebuyengine,51-200,Venture Capital,2017,Series,Dynamism Capital,"Distributed, US","0% | 1% | 2% | 16% | 134% | 1,120% | 6,000% | -13%"
Recurrency,"Jul 28, 2025 12.57 PM",recurrency.com,save,specializes ERP automation solutions for__ software company that San Francisco recurrency-ai,51-200,Venture Capital,2018,Series,9Yards Capital,"San Francisco, California 94114,US",16 % | 19% | 61% | 51% | 35% | 212% | 16%
Regrello,"Jul 28, 2025 12.57 PM",regrello.com,save,Regrello is = supply chain and operations management__. software company special lizing San Francisco regrello,11-50,Private Equity,2021,,,"San Francisco, CA, US",8 % | 15% | 64% | 119% | 338% | 94%
REM People,"Jul 28, 2025 12.57 PM",rempeople.com,save | hide,Rem People is Rem People is a retail analytics company based in Istanbul and__ retail technology and technology and rempeople com Turkey istanbul Istanbul rem-people,201-500,,2014,Series,Series A=,"Now Plaza K:6 D.55; Istanbul, Sisli 34394, TR",3% | 3% | 8 % | -8% | -8 % | 6% | 6 % | 55% | 77% | 196% | 196 %
Remarcable,"Jul 28, 2025 12.57 PM",remarcable.com,hide,JJul 28 2025 12.57 PM that offers services in procurement; tool__. that offers services business solutions provider procurement; tool_. remarcable com remarcable_ Lcom Cleveland remarcable,51-200,Private Equity,2018,Series,Insight Partners,"Cleveland Area; Cleveland, Ohio, US","26% | 51% | 82% | 194% | 562% | 2,550%"
Replenium,"Jul 28, 2025 12.57 PM",replenium.com,save | hide,specializing in Replenium Inc. is a technology provider commerce solutions: They_. replenium com (USA) replenium,51-200,,2015,Series,Glp,"568 Ist Ave S; Seattle, Washington 98104, US",8% | -21% | 21% | ~21% | 21% | 45% | ~54% | -56 % | -35% | -18 %
Replica,"Jul 28, 2025 12.57 PM",replicahq.com,save,Replica is provides tools and datasets for transportatio__ data analytics company that replicahq com Leawood replicacities,51-200,Venture Capital,2019,Series,Firebrand Ventures,"3610 W 95th Street; Leawood, KS 66206, US",41% | F1% | -1% | -8% | -8 % | -21% | -41% | -10% | 88 % | -17%
Rewaa,"Jul 28, 2025 12.57 PM",rewaatech.com,save | hide,ely is a technology company specializing in retail management software solutions It_ rewaatech com Saudi Arabia Riyadh Riyadh rewaa-company,201-500,Venture Capital,2018,Series,Derayah Venture Capital,"Anas Bin Malek Road; Al Malqa, Riyadh 11564, SA","-5% | ~7% | 7% | 15% | 98% | 295% | 1,058% | 2,059% | 2%"
Rhim Ewrrtra&,"Jul 28, 2025 12.57 PM",kuaidi1oo.com,,specializes in e-commerce solutions. The_ Kuaidi1oo logistics service provider that %e6%b7%b1%e5_,"""201-500",Venture Capital,2015,Series,nla,"#TR4J); Rtim,r$A 518000,CN",20% | -40% | 100% | ~21%
RRR-1*04405#+8,"Jul 28, 2025 12.57 PM",aikucun.com,save | hide,Mengxiang Technology platform that provides intelligent distribution__. ~commerce aikucun com % e79/88%b1%e5_ % e5985%a8%e7_,"1,001-5,000",Venture Capital,2014,Series,GGV Capital,"Oct 25, 2018",35%
Rundoo,"Jul 28, 2025 12.57 PM",getrundoo.com,save | hide,Rundoo is point-of-sale solutions tailored for paint and_ software company that provides getrundoo com Redwood City rndoo,11-50,Venture Capital,2021,Series,Bessemer Venture Partners,"94063, US","15% | 22% | 144% | 193% | 340% | 2,100% | 41%"
Safesite,"Jul 28, 2025 12.57 PM",safesitehq.com,save | hide,Safesite is a safety management software provider that offers a comprehensive platfor__ safesitehq com (USA) saifesite,11-50,Venture Capital,2014,,,"1169 Howard St; San Francisco, California, US",12% | 4% | -11% | ~34% | 53% | 187% | 25%
Sales Layer,"Jul 28, 2025 12.57 PM",saleslayer.com,,Sales Layer = specializes in Product Information. software company that saleslayer com Valencia ~seiles-layer,51-200,Venture Capital,2013,Series,PeakSpan Capita,"Luz; Planta 82; Valencia,",2% | 2% | 4% | 16 % | 12% | 76% | 185 % | -26%
Saltmine,"Jul 28, 2025 12.57 PM",saltmine.com,save | hide,"Saltmine is - that integrates data, people, and processes workplace optimization platform San Francisco Itmine]",51-200,Venture Capital,2016,Series,Rigel Capital Management,"601 California St; San Francisco, California 94108, US",3% | 10%
Schittflix,"Jul 28, 2025 12.57 PM",schuettflix.de,,"Schuttflix is connects construction companies, material_. digital logistics platform that schuettflix de Monchenglad _ sc huettflix",51-200,Venture Capital,2018,Series,DEVK Versicherungen,"Aug 22, 2023",
Scurri,"Jul 28, 2025 12.57 PM",hellodone.ai,save,Scurri is a delivery management software Scurri is provider that offers solutions Iike Scurri__. provider that offers solutions like Scurri _. delivery management software ~scurri com scurri com Wexford scurri ~scurri,51-200,Venture Capital,2010,Series,Act Venture Capital,"Common Quay Street; Wexford, IE",~1% | ~4% | -4% | 4% | ~1% | -1% | 25% | 25% | 42% | 76% | 76 % | 33%
SELLinALL,"Jul 28, 2025 12.57 PM",graas.ai,save | hide,Graas specializing in eCommerce analytics: data solutions company offer _. graas ai ~seiIl-in-all,201-500,Private Equity,2015,Series,ajcapital com,"ebar Rd; Az@payalebar; Singapore, 409015,",-14% | -28% | 336% | ~82% | -73% | ~59% | 68%
Sendcloud,"Jul 28, 2025 12.57 PM",sendcloud.com,hide,that offers solutions shipping software provider fol e-commerce sendcloud com seindcloud,201-500,Private Equity,2012,Series,HPE Growth,"Stadhuisplein 10; Eindhoven, North Brabant 5611 EM, NL",10% | 9% | 7% | 12% | 50% | 142% | -8 %
SENRTJRRA],"Jul 28, 2025 12.57 PM",xtimes-da.com,hide,"SnENiTJiA] ~company that spech iallzes ' EDA software providing e8%8a""af%e8_",51-200,Venture Capital,2020,,,"'tT6e; [95, CN",3% | 3% | -10%
Sera Systems,"Jul 28, 2025 12.57 PM",sera.tech,save | hide,Sera Systems Inc is a software company that provides field service management solution_ (USA) ~serviceshiftsoftware,11-50,Venture Capital,2018,,,"923 Minters Chapel Rd; Suite 200; Grapevine, Texas 76051, US",421% | -28% | -10% | 2% | 135% | -26%
Shipper,"Jul 28, 2025 12.57 PM",mansyur.no,,Shipper is a logistics company that provides integrated ~commerce solutions shipperid shipper-indonesia,"1,001-5,000",Venture Capital,2017,Series,bossa invest,"JI KH: Mas Mansyur No.15, RT.IOIRW.II, Kuningan, Karet",-2% | -8% | -14% | -17% | -13% | 62% | 454% | 39%
Shippit,"Jul 28, 2025 12.57 PM",premonition.io,save | hide,Shippit i provides multi-carrier shipping software and_ logistics technology company that shippit com shippit,51-200,Venture Capital,2014,Series,Perennial Partners,"4-6 Bligh Street; Level 2; Sydney; New South Wales 2000, AU",4% | 3% | ~2%/ | 2% | -15% | ~7% | 21% | 117% | -6 %
ShippyPro,"Jul 28, 2025 12.57 PM",shippypro.com,save | hide,ShippyPro is a shipping software provider that offers solutions for commerce businesses . shippypro com shippypro,51-200,Venture Capital,2016,Series,Five Elms Capital,"Via delle Cascine, 35; Florence, Tuscany 50144, IT",-4% | -8% | -4% | 4% | -14% | I1% | 64% | 245% | 6%
Shipwell,"Jul 28, 2025 12.57 PM",shipwell.com,save | hide,Shipwell is a specializing in transportation management _ Shipwell is a logistics technology provider specializing in transportation management_. logistics technology provider shipwell com Austin lipwell hipwell,51-200,Venture Capital,2016,,,"515 Congress Ave; Suite 2850; Austin, Texas 78701, US",4% | 6% | 6 % | 38% | -40% | -33% | -10% | ~48% | -48%
shipzero,"Jul 28, 2025 12.57 PM",shipzero.com,,specializing in emissions management _ Shipzero is a technology company aupanion,51-200,Venture Capital,2018,Series,ETF Partners,"Hamburg, 20457, DE",-3% | 8 % | 39% | 113% | ~73%
Shop Circle,"Jul 28, 2025 12.57 PM",shopcircle.co,save | hide,Shop Circle is e-commerce software solutions: ecommerce software solutions SaaS company specializing in It offers = offers a . London stiop-circle shiop-circle,201-500,Private Equity,2021,Series,645 Ventures,"London, GB","4% | 6 % | 6% | 32% | 310% | 505% | 12,000% | 4%"
SideChef,"Jul 28, 2025 12.57 PM",sidechef.com,save | hide,"SideChef is comprehensive range of recipes, meal__ cooking platform that offers a sidechef com (USA) si Jechef",51-200,Venture Capital,2013,,,"3413 Mira Vista Circle; San Jose, CA 95132, US",11% | 8% | 8 % | -3% | -19% | -24% | -9% | 0%
Simbe,"Jul 28, 2025 12.57 PM",simberobotics.com,,specializing in retail solutions. They offer _ Simbe Robotics technology company simberobotics com South San Francisco si nbe-robotics-inc,51-200,Private Equity,2014,Series,eclipse capital,"385 Oyster Point Blvd; STE #2; South San Francisco, California",21% | 51% | 89% | 167% | 145% | 152% | 193% | 5%
SimpliRoute,"Jul 28, 2025 12.57 PM",simpliroute.com,save,that specializes in route optimization and fle. logistics software provider Chile Santiago Providencia si nplit-solutions,51-200,Venture Capital,2014,Series,nla,"Metropolitana de Santiago 7510021, CL",3% | -4% | 4% | -13% | 8% | -27% | 30% | 127%
Sindabad com,"Jul 28, 2025 12.57 PM",sindabad.com,save | hide,Sindabadcom Ltd. that offers Sindabad com Ltd. is a wide range of products includin_. wide range an e-commerce commerce platform products includin_. platform sindabad com Bangladesh Dhaka Dhaka ndabad-com Idabad-com,"501-1,000",Venture Capital,2016,Series,Aavishkaar Capital,"Khilkhet; Dhaka 1229; Dhaka,",41% | ~1% | -1% | 41% | -1% | 1% | -0% | -12% | 27% | 60% | -4% | 4%
Skydropx LATAM,"Jul 28, 2025 12.57 PM",skydropx.com,,Skydropx is specializes automating shipping processe: logistics software provider that skydropx com s: kydropx,201-500,Venture Capital,2014,Series,Angel Hub Ventures,"Padre Raymundo Jardo 925; Monterrey, Nuevo Leon 64000,MX",2% | 3% | 9% | 20% | 0% | 30%
Smacc,"Jul 28, 2025 12.57 PM",smacc.com,save | hide,SMACC is a software company that specializes in providing enterprise resource__ smacc com Saudi Arabia Riyadh Riyadh srnaccsoftware,51-200,Venture Capital,1980,Series,nja,"Eastern Ring Road, Exit 14, Al Riyan Area Riyadh, Saudi Arabia;","23% | 94% | 117% | 105% | 516 % | 1,750% | -18%"
Smart Fabric,"Jul 28, 2025 12.57 PM",hsgcap.com,save,manufacturing and software solutions__ ##EMU)RTTJIRA :] is a textile sfabric com 501- 000 China Guangdong Shenzhen ~srart-fabric,,Venture Capital,2014,,,Nanshan district Science and Technology Park; Shenzhen; CN,6% | ~5% | 5% | 6% | 6 % | 14% | 33% | 5% | 433%
Smartwyre,"Jul 28, 2025 12.57 PM",smartwyre.com,,Smartwyre is an agricultural technology company that provides software solutions smartwyre com Denver srnartwyre,51-200,Venture Capital,2018,Series,Anterra Capital,"2301 Blake St; Denver; Colorado 80205, US",-4% | -5% | 3% | 27% | 97% | 232% | 361% | 7%
SourceDay,"Jul 28, 2025 12.57 PM",sourceday.com,hide,company that offers software solutions for__ supply chain management sourceday com Austin sciurceday-com,51-200,Venture Capital,2013,Series,Deep Tech Fund (an Alumn,"9737 Great Hills Trail; Suite 10O; Austin; Texas 78759,US",-12% | -17% | -20% | -35% | -33% | 2% | 4% | -23%
SpaceFill,"Jul 28, 2025 12.57 PM",spacefill.fr,save,Spacefill is a logistics technology provider that offers 3PL management platform__ spacefill fr nia,51-200,Private Equity,2018,Series,Bonsai Partners,"Mar 15, 2022",~4%
Spotio,"Jul 28, 2025 12.57 PM",spotio.com,save | gave | hide,"28, 2025 12.57 PM SPOTIO offers solutions SPOTIO is a field sales software provider that field sales software provider that ~enhance sales productivit__. enhance sales productivit__. Addison spiotio Load",51-200,Venture Capital,2014,Series,Ballast Point Ventures,"5057 Keller Springs Rd; Suite 325; Addison, Texas 75001, US",4% | 4% | 13% | 8 % | 24% | 67% | 86 % | -21%
Sprig,"Jul 28, 2025 12.57 PM",sprig.com,save | hide,in product experience management software company that - specializes ofters _. sprig com San Francisco uxierleap,51-200,Venture Capital,2019,Series,Accel,"71 Stevenson St; San Francisco, California 94105, US",2% | 208% | 232% | 276% | 146% | 333%
Stable,"Jul 28, 2025 12.57 PM",stableprice.com,save | hide,Stable is specializes specializes in supply chain solutions for_. risk management company that supply chain solutions for_. stableprice com Bermuda Pembroke Hamilton stableprice,51-200,Venture Capital,2017,Series,Acrew Capital,"26 Victoria Street; Hamilton, Bermuda HM 12, BM",38% | 38 % | -6 % | 6 %
Staffinc Group,"Jul 28, 2025 12.57 PM",staffinc.co,,Staffinc specializes in labor supply ad HR services_ an outsourcing company that staffinc co staffinc-group,51-200,Venture Capital,2018,Series,Access Ventures,"Tower; JI H.R Rasuna Said No.13, RT.ZIRW.2, Kuningan,",12% | 28% | 92% | 166 %
Stonly,"Jul 28, 2025 12.57 PM",stonly.com,save | hide,"Stonly is a software company that specializes in customer service solutions, offering_. stonly",51-200,Venture Capital,2018,,,"Paris, 92300, FR",3% | 4% | ~5% | 5% | -19% | 5% | 103% | 293% | -33%
Survicate,"Jul 28, 2025 12.57 PM",survicate.com,,Survicate is offers tools for collecting and analyzing__. survey software provider that ~suirvicate,51-200,Private Equity,2013,Series,Airbridge Equity Partners,"ulica Przyrynek 14; Warsaw; MA 00-219, PL",5% | 5% | 7% | 3% | 33% | 115% | 100% | ~4%
Syrup Tech,"Jul 28, 2025 12.57 PM",syrup.tech,save | hide,"specializing in Al-driven inventory_ technology company ""rup-tech",11-50,Venture Capital,2020,Series,1984 Ventures,"52 Mercer Street; New York; NY 10013, US",-2% | ~9% | -9% | -9% | 71% | 220% | 700% | -53%
Tailor,"Jul 28, 2025 12.57 PM",tailor.tech,save,that specializes Tailor is . software development company customizable ERP _ tailor tech San Francisco tailortech,11-50,Private Equity,2021,Series,Anri,"San Francisco, CA, US","7% | 42% | 166 % | 540% | 1,466 % | -19%"
Tajir,"Jul 28, 2025 12.57 PM",aavcf.com,save,provides an online platform for independent_ provides an online platform for independent_. Tajir is a retail distribution company that tajirapp tajir app Pakistan Punjab Lahore tajir-app,11-50,Venture Capital,2018,Series,aavcf.com,"Gulberg; Lahore, Punjab 54000,PK","1% | ~6% | ~6 % | 6% | 6 % | ~2% | 2% | 47% | 346% | 1,506 % | 1,506%"
TallOrder Solutions,"Jul 28, 2025 12.57 PM",tallorderpos.com,save | hide,TallOrder Solutions Pty (Ltd) is TallOrder Solutions Pty (Ltd) is a company that provides point of sale solutions tailored fort__. provides point of sale solutions tailored fort_. company that tallorderpos com South Africa Western Cape Paarl cloudonemobi,11-50,,2010,Series,Series /=,"8005, ZA","2% | 2% | 2% | ""15% | 15% | 27% | 48%"
Taxdoo,"Jul 28, 2025 12.57 PM",taxdoo.com,save | hide,software provider that specializes tay consulting = and accounting VAT _ xdoo,51-200,Venture Capital,2016,Series,Accel,"Alter Wandrahm 13; Hamburg, HH 20457, DE",4% | -10% | -11% | -16 % | ~39% | 34% | 500% | 24%
Tezign #J24,"Jul 28, 2025 12.57 PM",tezign.com,save | hide,Tezign is a digital marketing agency specializing in content creation and _ tezign com tezign %e7%/89%b9%e8...,201-500,Private Equity,2015,,,"""IAKES+Owework; 412; Eam, Eivm 200000, CN",~3% | 3% | 5% | -12% | -7% | 5% | 49% | 53%
Threecolts,"Jul 28, 2025 12.57 PM",threecolts.com,save | hide,ecommerce solutions for retail vendors an__. software company specializing threecolts com London threecolts,"501-1,000",Venture Capital,2021,Series,coventure.Vc,"London, GB","10% | 33% | 124% | 248% | 657% | 10,000% | 431%"
Threekit Visual Commerce,"Jul 28, 2025 12.57 PM",threekit.com,save | hide,specializing in 3D product configuration and_ Threekit is visual commerce company threekit com Chicago threekit,51-200,Venture Capital,2018,Series,Isai,"Wacker Dr; Chicago, Illinois 60606,US",2 % | 5% | 2% | ~31% | -17% | 16 % | -29%
Tiled,"Jul 28, 2025 12.57 PM",tiled.co,save | hide,Tiled is an interactive content platform that enables businesses to create engaging sale _ (USA) Diego tiled,51-200,Private Equity,2016,,,"11848 Bernardo Plaza Ct; Ste 110; San Diego, California 92128,",6 % | 3% | 3% | -16% | -43% | 44% | -22% | ~34%
Tinvio,"Jul 28, 2025 12.57 PM",tinvio.com,gave,reimagines how merchants and suppliers__ Tinvio ] BZB payment platform that tinivio,51-200,Venture Capital,2019,Series,AppWorks,"Singapore, SG",3% | 1% | -7% | ~25% | -65% | 6 % | 246%
Tjek,"Jul 28, 2025 12.57 PM",tjek.com,save | hide,Tjek is a digital marketing agency that specializes in providing automated digital__. tjek com ~tjuk,11-50,Venture Capital,2009,,,"Copenhagen, DK",~1% | -18% | 25% | 38% | 51% | -49%
Toucan,"Jul 28, 2025 12.57 PM",toucantoco.com,save | hide,company that provides solutions for data__. company that provides solutions Toucan Toco is Toco data analytics software for data. toucantoco com Boston toucan-toco,51-200,Venture Capital,2015,Series,Balderton Capital,"75 State St; Boston, Massachusetts 02109, US",1% | 43% | ~3% | 3% | -6% | 6% | 6 % | ~20% | -40% | ~37% | -13% | 551% | ~51%
Tradlinx,"Jul 28, 2025 12.57 PM",tradlinx.com,save | hide,"Tradlinx is a offers the Zimgo service, logistics software provider that cloud-based__. tradlinx com S.A.R Hong Kong Hong Kong Island Tamar Park tr adlinxcorp",51-200,Venture Capital,2015,,,"WEST SAI; YING PUN; HONG KONG, HK",6 % | 9% | 7% | 45% | 314% | -14%
TranZact,"Jul 28, 2025 12.57 PM",letstranzact.com,hide,cloud-based inventory management solutio _. cloud-based inventory management solutio __ TranZact is : TranZact is software company that provides letstranzact com letstranzact,11-50,Venture Capital,2017,Series,axiomatic co.in,"MIDC , Andheri East; Mumbai, Maharashtra 400096, IN",-1% | 41% | 43% | -3% | 3% | 1% | 2% | 162% | 288 % | 288% | 234% | 2%
TrusTrace,"Jul 28, 2025 12.57 PM",trustrace.com,hide,software provider that specializes supply chain traceability solutio trustrace com tr istrace,51-200,Private Equity,2016,Series,Circularity Capital,"Central Stockholm; Stockholm, SE",3% | 5% | 17% | 52% | 76% | 173% | 464% | -19%
Ttez (New Core Tech),"Jul 28, 2025 12.57 PM",xinheyun.com,save | hide,"Shanghai Niuku Information Technology Ltd. is a technology solutions provider __ Co,, xinheyun",51-200,Venture Capital,2014,Series,Cowin Venture Capital,"QWA_61078; Exm, :wm 200000, CN",9% | 9% | 43% | 91% | 187%
Ugaoo,"Jul 28, 2025 12.57 PM",ugaoo.com,save | hide,"Ugaoo is an online plant store specializing in a wide range of gardening products, including_. uilaoo",51-200,Venture Capital,2015,Series,DSG Consumer Partners,"Maharashtra 411045, IN",5% | 10% | 31% | 96% | 286% | 600% | 818%
Unikt larande,"Jul 28, 2025 12.57 PM",unikum.net,save | hide,Unlkum ' that offers - is an educational technology provider comprehensive platform for . unikum net uulikum---net-ab,11-50,Venture Capital,2005,Series,Jce,"Hammarby Kaj 14; 4; Stockholm, Stockholms Ian 12030, SE",-2% | -2% | 29% | 37%
UserVoice,"Jul 28, 2025 12.57 PM",uservoice.com,save,UserVoice is a software company that specializes in product feedback manageme uservoice com Raleigh uxiervoice,11-50,Venture Capital,2008,Series,nia,"234 Fayetteville St; 3rd Floor; Raleigh, NC 27601,US",2% | 2% | -13% | ~27% | -32% | -32%
VARStreet Inc.,"Jul 28, 2025 12.57 PM",varstreetinc.com,save | hide,VARStreet Inc: is a business management software provider that offers an all-in-one_ varstreetinc com Viirstreet,51-200,Venture Capital,1999,,,"01803, US",~2% | -3% | 3% | 10% | 28% | 30% | 54% | ~22%
Verity,"Jul 28, 2025 12.57 PM",verity.net,save | hide,Verity is automated inventory management solutions__ technology company specializing in verity net verity-studios,51-200,Venture Capital,2014,,,"Binzmiihlestrasse 81; Zurich, CH",4% | 5% | ~10% | 10% | 37% | 85% | 187% | 85% | 43%
Vertuoza,"Jul 28, 2025 12.57 PM",vertuoza.com,save | hide,software provider that offers construction management comprehensi_. vertuoza com Veirtuoza,51-200,Venture Capital,2020,Series,Fortino Capital,"16 Rue Louis Braille; Nivelles, 1400, BE","2% | 11% | 33% | 48% | 189% | 723% | 5,250% | -13%"
Vesper,"Jul 28, 2025 12.57 PM",vespertool.com,,that provides businesses with real-time. Vesper i commodity intelligence platform vespertool com vespertool,51-200,Venture Capital,2018,Series,Keen Venture Partners,"Vijzelstraat 79; Amsterdam, Noord Holland 1017HG, NL",0% | 3% | 11% | 38 % | 39% | 286 % | 792%
Vinculum Group,"Jul 28, 2025 12.57 PM",vinculumgroup.com,,specializing Vinculum Group is omnichannel retail technolog-- SaaS provider Iculumgroup,201-500,Venture Capital,2007,Series,Accel,"Sector 62; Noida, Uttar Prades __",~0% | ~2% | 2% | ~6% | 6 % | 7% | 8 % | 12% | ~24%
Vitally,"Jul 28, 2025 12.57 PM",vitally.io,hide,Vitally is provides businesses with tools Customer Success atform that enhance. vitally io Brooklyn vitally. io,51-200,Venture Capital,2017,Series,HubSpot,"Brooklyn, NY 11249, US",18 % | 14% | 16 % | 23% | 146% | 728% | 954% | 12%
Voxware,"Jul 28, 2025 12.57 PM",voyiare.com,save | hide,specializing a technology solutions provider voice automation and__ Voyiare com Hamilton Township Vaiyware,51-200,,1993,Series,nla,"3705 Quakerbridge Road; Suite 210; Hamilton, NJ 08619,US",2% | 2% | -24% | -24% | -26%
Voze,"Jul 28, 2025 12.57 PM",voze.com,save,offers innovative solutions for field sales: Voze is sales technology company that voze com Draper urievoze,51-200,Venture Capital,2022,,,"344 W 13800 S; Suite #550; Draper; Utah 84020, US",5% | 19% | 167% | 368 %
Waitwhile,"Jul 28, 2025 12.57 PM",waitwhile.com,save | hide,Waitwhile is a technology company that provides customer flow management__ San Francisco waitwhile,11-50,Venture Capital,2017,Series,Crv,"548 Market St; San Francisco, California 94104,US","5% | 8% | 8 % | 15% | 15 % | 2% | -11% | 123% | 1,166% | -19%"
Wakeo,"Jul 28, 2025 12.57 PM",wakeo.co,save | hide,specializing in supply chain visibility solutio_. logistics technology provider wakeo,51-200,Venture Capital,2016,Series,360 Capital,"Rue Auber; Paris, ile-de-France 75009,FR",~4% | 4% | 9% | 25% | 51% | 195% | 300% | 25%
Wandelbots,"Jul 28, 2025 12.57 PM",wandelbots.com,save,that specializes in robotics software company providing innovative: wandelbots com wandelbots,51-200,Private Equity,2017,Series,83north,"RayskistraBe 25; Dresden, Saxony 01219, DE",0% | 3% | 9% | -21% | -17% | 13% | 88 % | ~52%
"Webgility, Inc:","Jul 28, 2025 12.57 PM",webgility.com,save | hide,Webgility is that specializes in ecommerce automation &. white-collar service company webgility com Scottsdale webgility-inc-,51-200,Corporate,2007,,,"6991 E Camelback Rd; D2O4; Scottsdale, Arizona 85251,US",10%
Webshippy,"Jul 28, 2025 12.57 PM",webshippy.com,save | hide,Webshippy i specializes fulfillment and dropshipping__ logistics company that webshippy com Hungary ebshippy,51-200,Venture Capital,2016,Series,Day One Capital,"East Gate Business Park; C/2;; Fot; 2151, HU",~9% | ~9% | -7% | -28% | ~53% | 2% | 85%
Whimsical,"Jul 28, 2025 12.57 PM",whimsical.com,save,"Whimsical is provides digital tools for product teams, software company that whimsical com Denver whimsical",11-50,Venture Capital,2017,Series,Accel,"Denver; Colorado, US",~4% | 2% | 2 % | -2% | ~25% | 17% | 122% | 344% | -19%
Workpath,"Jul 28, 2025 12.57 PM",workpath.com,save | hide,Workpath is a business solutions provider specializing in strategy execution and__ workpath com workpathhq,51-200,Venture Capital,2017,Series,Capnamic,"RidlerstraBe 39; Munich, Bavaria 80339,DE",2% | ~2% | 2% | ~20% | -20% | 56% | -68 % | -22% | 46% | 8 %
Worldia,"Jul 28, 2025 12.57 PM",worldia.com,save,offers platform for travel distributors to. platform for travel distributors to._ 'travel technology provider that travel technology provider that worldia com worldia,51-200,Venture Capital,2012,Series,Banque des Territoires,"lanche; Paris, ile-de-France 75009, FR",0% | 0% | 3% | 22% | 69% | 149% | 183% | 1%
Worldly,"Jul 28, 2025 12.57 PM",worldly.io,save,Worldly is a sustainability consulting company that provides tools and insights for brands__. (USA) Ig-co,51-200,Private Equity,2019,,,"Concord, California, US",3% | 15% | 12% | 22% | 85 %
YottaMark,"Jul 28, 2025 12.57 PM",yottamark.com,save | hide,"iFoodDS is a software company specializing in food safety, traceability, and quality __ food safety, traceability, ad quality_ yottamarkcom yottamark com Redwood City ycittamark",51-200,Private Equity,2005,Series,Series D,"1400 Bridge Parkway; Suite 101; Redwood City; CA 94065, US",-12% | 12% | -12%
Zencargo,"Jul 28, 2025 12.57 PM",zencargo.com,hide,Zencargo is a logistics company specializing in digital freight forwarding and supply chain. London zencargo,201-500,Venture Capital,2017,Series,HV Capital,"London, GB",0% | F1% | -4% | 4% | 23% | 48% | -22% | 40% | 13%
Zero Gravity Ventures Ltd.,"Jul 28, 2025 12.57 PM",sindabad.com,,Sindabad com Ltd. is a that offers wide range of products includin_. commerce platform zerogravity combd Bangladesh Dhaka Dhaka zero-gravity- ventures,201-500,Venture Capital,2015,Series,frontierfundbd com,"Road 7, Block G; House 43; Dhaka, Dhaka 1213, BD",~2% | -5% | 5% | -7% | -12% | ~22% | 30% | -44%
Zeroboard,"Jul 28, 2025 12.57 PM",zeroboard.jp,hide,Zeroboard Inc. and software solutions provider that: sustainability consulting zeroboard jp #roboard,51-200,Venture Capital,2021,Series,Coral Capital,"=0=TAS-27; RTMa=@vt> Eilpi1on; @E, RrT",-5% | -2% | 6 % | 57%
zeroheight,"Jul 28, 2025 12.57 PM",zeroheight.com,save | hide,zeroheight is a design system management platform that provides tools for design and__ zeroheight com e United Kingdom (UK) England London zero-height,11-50,Venture Capital,2015,Series,Adobe,"London, England, GB",1% | 188% | 733% | 17%
Zthonline,"Jul 28, 2025 12.57 PM",zthonline.com,save,"7thonline, Inc. is a SaaS provider specializing Zthonline, Inc. in demand planning and inventory _. demand planning and SaaS provider inventorv_. 'specializing 7thonline.com 201-500 Zihonline","""201-500",Private Equity,1999,Series,Chazen Capital Partners,"New York, NY 10018, US",8% | 4% | 4% | ~7% | -7% | -10% | -23% | ~36% | -36% | ~0% | 0%
Zubale,"Jul 28, 2025 12.57 PM",zubale.com,,Zubale is a technology company specializing in e-commerce solutions. It offers software_ zubale com zlibale,"501-1,000",Venture Capital,2018,Series,nla,"Mexico City, MX","6% | 14% | 34% | 55% | 152% | 692% | 2,551% | 19%"
Zuum App,"Jul 28, 2025 12.57 PM",zuumapp.com,gave | hide,Zuum Transportation Inc. software provider that offers logistics comprehensi . Irvine zlum-app,51-200,Corporate,2016,Series,Capital Partners Private We,"18100 Von Karman Ave; Ste 10O; Irvine, California 92612, US",-18 % | ~27% | -27% | ~34% | 34% | -28% | -49% | -28% | 14% | -10%
