company,added_date,website,description,headcount,ownership_type,founded,total_funding_m,last_funding_amount_m,last_funding_type,last_funding_lead_investor,company_address,growth_3mo_headcount,growth_6mo_headcount,growth_1yr_headcount,growth_2yr_headcount,growth_3yr_headcount,growth_4yr_headcount,growth_5yr_headcount,growth_3mo_web_traffic,growth_extra_1,growth_extra_2,growth_extra_3,source_page,source_row,qa_pass
20Cube Logistics,"Jul 28, 2025 12.57 PM",2ocube.com,provides comprehensive supply chain. logistics company tha 2ucube-logistics,"501-1,000",Private Equity,2011,,,Series,sentorinvestments comau,"Singapore, 068809_",2 %,11%,15%,32%,61%,100%,116 %,~25%,,,,,,yes
4intelligence,"Jul 28, 2025 12.57 PM",4intelligence.ai,is consulting firm that specializes in providing_. data analytics and 4intelligence-data- science,51-200,,2016,,,Series,Airborne Ventures,"Alameda Santos; 2400; Alameda Santos, 2400, Jardim Paulista",5%,-2%,~22%,-22%,~34%,-23%,1%,28%,,,,,,yes
6a5x,"Jul 28, 2025 12.57 PM",kujiale.com,Kujiale is provides online 3D design tools for design software company that home . %e9%85%b7%e5_,"501-1,000",Venture Capital,2011,,234.8,,,"EMYDi-10-13F; #E, MHi 310000, CN",41%,~1%,5%,1%,56 %,,,,,,,,,yes
ABM Cloud,"Jul 28, 2025 12.57 PM",abm.cloud,provides cloud based solutions for business_ ABM Cloud is = technology company that abmcloud com Estonia Harju Tallinn %e2%80%93 -_ alim-cloud -,51-200,Venture Capital,2014,,,Series,nla,"Tartu highway; 2; Tallinn, EE",~1%,4%,10%,8%,9%,,,,,,,,,yes
Actio Brasil,"Jul 28, 2025 12.57 PM",actiosoftware.com,Actio Software specializes providing management software company that actiosoftware com aritiosoftware,51-200,Venture Capital,2005,,,Series,nla,"Gerais 31110-230, BR",3%,7%,32%,62%,,,,,,,,,,yes
Activities,"Jul 28, 2025 12.57 PM",bemyguest.com,BeMyGuest Pte. Ltd. is a technology provider specializing solutions for the travel::. bemyguest com sg bumyguest-travel,51-200,Venture Capital,2012,,,Series,nla,"Singapore; Singapore, SG",~4%,~8 %,-8%,-10%,~2%,32%,41%,24%,~49%,,,,,yes
AdAdapted,"Jul 28, 2025 12.57 PM",adadapted.com,is that specializes in providing marketing_ mobile advertising company adadapted com (USA) arladapted,51-200,Venture Capital,2012,,7.4,,,"206 E Huron St; Ann Arbor; Michigan 48104, US",0%,5%,7%,40%,136 %,-14%,,,,,,,,yes
Aeb,"Jul 28, 2025 12.57 PM",aeb.com,is a software company specializing in global trade ad logistics solutions They_ Stuttgart arb,"501-1,000",Private Equity,1979,,41.7,Series,Agman,Sigmaringer StraBe 109; Stuttgart; Baden-Wirttemberg 70567,1%,8 %,14%,26 %,31%,54%,59%,20%,,,,,,yes
Aforza,"Jul 28, 2025 12.57 PM",aforza.com,~solutions for the consumer products industr _. solutions for the consumer products industr _. Aforza is software company specializing in (UK) alorza Load,51-200,Venture Capital,2019,,22,Series,Bonfire Ventures,"London, SET 7LY, GB",1%,11%,4%,55%,204%,40%,,,,,,,,yes
Afresh,"Jul 28, 2025 12.57 PM",afresh.com,is that specializes in software solutions for_ grocery retail technology provider afresh com (USA) alreshtechnologies,51-200,Private Equity,2017,,147.8,,,"33 New Montgomery St; San Francisco, California 94105, US",-1%,5%,~2%,-2%,~15%,0%,176 %,348%,148%,,,,,yes
AfterShip,"Jul 28, 2025 12.57 PM",aftership.com,"28, 2025 12.57 PM AfterShip is AfterShip E eCommerce solutions, offering software for_ eCommerce solutions, offering software for__. SaaS company specializing in [tership kership",201-500,Private Equity,2012,,69,Series,Tiger Global,"Singapore, SG",3%,2%,2 %,23%,91%,251%,520%,,,,,,,yes
Agrim,"Jul 28, 2025 12.57 PM",agrim.app,Wholesale Private Limited is a BZB marketplace specializing in agri-inputs. The_ agrim app acirimwpl,201-500,Venture Capital,2020,,32.9,,,"Sector 66 Road; Spaze Business Park; Gurugram, Haryana",25%,32%,55%,59%,,,,,,,,,,yes
Agrivi,"Jul 28, 2025 12.57 PM",agrivi.com,is in digital agriculture solutions technology company specializing offers a . London agirivi,51-200,Venture Capital,2013,,7.3,Series,AgriTech Hub Fund,"Wenlock Road 20-22; London; England N1 7GU, GB",2%,-7%,-2%,~25%,~34%,~2%,5%,332%,,,,,,yes
Aiperia,"Jul 28, 2025 12.57 PM",aiperia.com,supply chain optimization for the food__ AIPERIA is a software company specializing in planerai,51-200,Venture Capital,2021,,,Series,Earlybird Venture Capital,"Gitterle 2; GroBrinderfeld, Baden-Wirttemberg 97950, DE",3%,1%,9%,,,,,,,,,,,yes
Alegra,"Jul 28, 2025 12.57 PM",alegra.com,accounting and invoicing solutions software company that provides lored Colombia Antioquia Medellin alegra,201-500,Private Equity,2012,,0.1,Series,Riverwood Capital,"Carrera 43C; 5-115; Medellin, Medellin 03100,CO",2%,28 %,22%,54%,132%,477%,751%,-12%,,,,,,yes
Alleaves,"Jul 28, 2025 12.57 PM",alleaves.com,cannabis technology solutions. They provid_ software company specializing in alleaves com Fort Lauderdale alleaves,51-200,Venture Capital,2018,,,Series,theelevenfund com,"6750 N Andrews Ave Suite 325; Fort Lauderdale; FL 33309, US",13%,23%,8 %,188 %,136 %,~87%,,,,,,,,yes
Alloy.ai,"Jul 28, 2025 12.57 PM",alloy.ai,provides data integration and analytics _ is white-collar service company that San Francisco alloy-inc,51-200,Venture Capital,2016,,15.3,Series,8vc,"528 Folsom St; San Francisco, California 94105, US",-3%,-9%,9%,20%,-13%,-19%,29%,,,,,,,yes
Alvys,"Jul 28, 2025 12.57 PM",alvys.com,is a software company that specializes in transportation management solutions. It.. alvys com Solana Beach alvysinc,51-200,Venture Capital,2020,,26.8,Series,Bonfire Ventures,"Solana Beach; CA 92075, US",-10%,~6%,6%,17%,67%,103%,575%,~20%,,,,,,yes
Ambition,"Jul 28, 2025 12.57 PM",ambition.com,"28, 2025 12.57 PM Ambition is a sales coaching software provider that offers Ambition is sales coaching software comprehensive platfor _ comprehensive platfor __ ambition com Chattanooga Inbition-Ilc hbition-Ilc",51-200,Private Equity,2013,,21.2,Series,Nashville Capital Network,"1603 Fagan St; Chattanooga, Tennessee 37408,US",1%,-1%,-4%,4%,~22%,-22%,~40%,40%,13%,-24%,,,,yes
Anchanto,"Jul 28, 2025 12.57 PM",anchanto.com,"Jul 28,2025 12:57 PM specializing in specializing in e-commerce and supply chai__ Anchanto is a technology company Anchanto is technology company commerce ad supply chai__ anchanto com arichanto",201-500,Venture Capital,2011,,20.1,,,"75 High Street; #01-01 The Co; Singapore, Singapore 179435,SG",-1%,4%,43%,3%,~2%,-2%,19%,75%,228%,225%,-25%,,,yes
Ankorstore,"Jul 28, 2025 12.57 PM",bondcap.com,connects independent brands with retailers_. wholesale distributor that ankorstore com arikorstore,"501-1,000",Private Equity,2019,,421.8,Series,Aglae Ventures,"Paris, Paris 75002, FR",-9%,-16%,-29%,29%,-51%,-68 %,81%,796%,~24%,,,,,yes
Apicbase,"Jul 28, 2025 12.57 PM",apicbase.com,comprehensive F&B management platform __ software company that provides get apicbase com apicbase,51-200,Venture Capital,2017,,8.5,Series,Ark Angels Activator Fund,"Samberstraat 3; Antwerp, Flemish Region 2060, BE",-4%,~9%,9%,-16%,-16 %,~27%,17%,51%,,,,,,yes
ArchiPro,"Jul 28, 2025 12.57 PM",archipro.co,customers with ArchiPro is digital platform that connects wide range products an: .nz New Zealand Auckland Auckland archipro,51-200,Private Equity,2014,,38.7,Series,Icehouse Ventures,"Saint Georges Bay Road; Auckland, AUK, NZ",-3%,10%,-23%,-26%,62%,106%,,,,,,,,yes
ARZERENRTIRA,"Jul 28, 2025 12.57 PM",waiqin365.com,"Jul 28,2025 12:57 PM Qince is sales management software and image_ technology company specializing in technology company 'specializing in %e5%8d997%e4_ % e5%8d997%e4_",201-500,Venture Capital,2012,,0.7,,,"0R,A5 , CN",-1%,40%,30%,~25%,-40%,-22%,222%,,,,,,,yes
autone,"Jul 28, 2025 12.57 PM",autone.io,specializing in inventory management _ Autone is white-collar service company London alitoneautone,51-200,Venture Capital,2021,,21.2,Series,2100 Ventures,"London, England, GB",5 %,27%,151%,420%,500%,-2%,,,,,,,,yes
Beroe Inc,"Jul 28, 2025 12.57 PM",beroeinc.com,Beroe is a procurement intelligence provider that offers Al-powered solutions to help. beroeinc com Raleigh buroe-inc,"501-1,000",Private Equity,2006,,2016,Series,Access Asset Managers Pr,"27606, US",1%,4%,10%,24%,35%,47%,56 %,-15%,,,,,,yes
Betterworks,"Jul 28, 2025 12.57 PM",hyphenapp.io,is a performance management software provider that offers intelligent_. betterworks com (USA) #tterworks,51-200,Venture Capital,2013,,161.5,,,"101 Jefferson Drive; Ist Floor; Menlo Park; CA 94025,US",6%,7%,~2%,2%,0%,43%,66%,,,,,,,yes
BeyondTrucks,"Jul 28, 2025 12.57 PM",beyondtrucks.com,is specializes in providing transportation . software company that beyondtrucks com San Francisco halulistix,51-200,Venture Capital,2019,,,Series,Deep Tech Fund (an Alumn,"1 Ferry Bldg;; Suite 201; San Francisco, California 94111, US",10%,29%,55%,82%,287%,-59%,,,,,,,,yes
Bijak,"Jul 28, 2025 12.57 PM",plot.no,connects farmers and traders with market: _ Bijak is an agricultural trading company that connects farmers and traders with market _. bijak in bijak.in bijakapp,201-500,Venture Capital,2019,,33.7,Series,Bertelsmann Multimedia Gr,"Rd, Gurugram, Haryana 122003; Gurgaon",~9%,9%,-9%,-16 %,-16%,1%,75%,75 %,791%,,,,,yes
bijnis,"Jul 28, 2025 12.57 PM",bijnis.com,is a digital platform that focuses on revolutionizing the manufacturing sector by__ ~ bijnisdotcom,201-500,Private Equity,2015,,41.6,,,"Industrial Estate; New Delhi, Delhi 110044, IN",3%,6%,6 %,11%,15%,65%,255%,595%,16 %,,,,,yes
Bizom,"Jul 28, 2025 12.57 PM",bizom.com,specializing in sales automation and . retail technology provider bizom com mobisy - technologies-pvt-Itd,201-500,Venture Capital,2008,,18.2,Series,IndiaMART InterMESH Limi,"Opp. Vakil Cardenia Apts, Bellandur; Bangalore, Karnata .",3%,6 %,10%,18 %,38 %,98 %,169%,,,,,,,yes
Buffalo Market,"Jul 28, 2025 12.57 PM",buffalomarket.com,specializing in the efficient distribution of_ Buffalo Market is food distributor buffalomarket com San Francisco riffalomarket,11-50,Venture Capital,2019,,42.2,Series,Coughdrop Capital,"800 Market Street; San Francisco, CA 94117, US",-11%,~21%,1%,~27%,-27%,36 %,39%,220%,,,,,,yes
Builder Prime,"Jul 28, 2025 12.57 PM",builderprime.com,provides an all-in-one CRM and estimating__. software company that Staten Island bulilderprime,11-50,Private Equity,2016,,,Series,Blueprint Equity,"Staten Island; NY 10314, US",10%,13%,57%,477%,633%,500%,17%,,,,,,,yes
Burq,"Jul 28, 2025 12.57 PM",burqup.com,is a delivery service company that provides on-demand and same-day delivery__ burqup com San Francisco bulrq,51-200,Venture Capital,2021,,10.5,Series,Deep Tech Fund (an Alumn,"May 23, 2024",5%,8%,8 %,61%,182%,393%,028%,,,,,,,yes
BuyCo,"Jul 28, 2025 12.57 PM",buyco.co,is in container shipping solutions. logistics platform that specializes offers a . Marseille buyco4shipping,51-200,Venture Capital,2015,,9.7,Series,Banque Populaire du Sud,"37 bld Paul Peyral; MARSEILLE, PACA 13006, FR",33%,10%,12%,-13%,1%,28%,106%,,,,,,,yes
byrd,"Jul 28, 2025 12.57 PM",getbyrd.com,[ commerce fulfillment services. logistics company specializing offers _ getbyrd com,201-500,Venture Capital,2016,,82.9,,,"Wiedner HauptstraBe 24; 12a; Vienna, Wien 1040, AT",-7%,~4%,4%,-29%,~37%,65%,200%,,,,,,,yes
Calendly,"Jul 28, 2025 12.57 PM",calendly.com,that provides Calendly is scheduling software company platform for automating__ calendly com Atlanta cailendly,"501-1,000",Venture Capital,,350.6,350,Series,Iconiq,"271 I7th St NW; IOth Floor; Atlanta, Georgia 30363, US",~5%,-14%,~14%,-19%,6%,100%,253%,4%,,,,,,yes
Camunda,"Jul 28, 2025 12.57 PM",camunda.com,specializes workflow and decision . software company that ~camunda com caimunda-services - ginbh,"501-1,000",Private Equity,2008,,126.2,Series,Highland Europe,"Strasse 55-58; Berlin, Deutschland 10961,DE",2%,6%,16 %,50%,75%,93%,202%,-9%,,,,,,yes
Canibuild,"Jul 28, 2025 12.57 PM",canibuild.com,innovative innovative site planning solutions for__. canibuild is cme software company that provides planning solutions fon ' canibuild com verumtek,51-200,Venture Capital,2020,,9.4,Series,Evp,"Barangaroo, New South Wales 2000,AU",-1%,~1%,~4%,-4%,4%,7%,-7%,50%,246%,542%,16%,,,yes
carbmee,"Jul 28, 2025 12.57 PM",carbmee.com,that specializes Carbmee carbon management company providing automated__. carbmee com cairbmee,51-200,Venture Capital,2021,,2024,Series,CommerzVentures,"Rosenthaler StraBe; 36; Berlin, 10178,DE",22%,44%,60%,50%,75%,800%,,,,,,,,yes
CartonCloud,"Jul 28, 2025 12.57 PM",cartoncloud.com,that offers cloud-based solutions for__ CartonCloud is a logistics software provider cairtoncloud,51-200,Venture Capital,2014,,10.8,Series,nla,"27-29 Dover Drive; Burleigh Heads, QLD 4220, AU",1%,3%,10%,44%,116 %,209%,11%,,,,,,,yes
Cascade,"Jul 28, 2025 12.57 PM",cascade.app,= offers ~offers comprehensive platform for strateg_ comprehensive platform for strateg .. strategy software company that cascade app ciiscade-strategy caiscade-strategy,51-200,Venture Capital,2016,,20,Series,Carthona Capital,"10005, US",9%,24%,-2%,~3%,3%,25%,46%,-11%,,,,,,yes
CBX Soitware,"Jul 28, 2025 12.57 PM",cbxsoftware.com,software provider that offers TradeBeyond supply chain management ~suite of__ cbxsoftware com Hong Kong SAR xsoftware,201-500,Venture Capital,1995,,2022,Series,Baring Private Equity Asia,,1%,3%,8 %,,,,,,,,,,,yes
Celus,"Jul 28, 2025 12.57 PM",celus.io,specializing in electronics design solutions I. CELUS GmbH is = technology company celus io caintunity,51-200,Venture Capital,2018,,31.6,Series,2xN,"RidlerstraBe 57; Munich, Bavaria 80339, DE",0%,24%,35%,116 %,236 %,266 %,55%,,,,,,,yes
Chain.io,"Jul 28, 2025 12.57 PM",chain.io,specializes is a logistics software provider that integration solutions for the. Philadelphia Jain.io,11-50,Venture Capital,2017,,,Series,Eve Atlas,"399 Market Street; Suite 360; Philadelphia; PA 19106,US",~3%,-11%,11%,~17%,-17%,~33%,~34%,18 %,146%,128 %,,,,yes
ChannelEngine,"Jul 28, 2025 12.57 PM",channelengine.com,provides ecommerce solutions for brands ChannelEngine [ digital platform that channelengine,51-200,Private Equity,2013,,57.2,Series,Airbridge Equity Partners,"Vondellaan 47; Leiden, 2332AA , NL",1%,~0%,0%,-3%,3%,-19%,24%,121%,394%,12%,,,,yes
ChapsVision,"Jul 28, 2025 12.57 PM",chapsvision.fr,"specializes in data analysis and customer_ ChapsVision is software company that 501- -1,000 641 France ile-De-France Suresnes chiapsvision",,Private Equity,2019,,283.5,,,"92150, FR",105%,137%,161%,262%,416 %,426 %,912%,-32%,,,,,,yes
Cheetah,"Jul 28, 2025 12.57 PM",jmdfood.com,specializing in eCommerce solutions for the. Cheetah is a technology company gocheetah com San Francisco chieetah,51-200,Venture Capital,2014,,127.7,Series,FJ Labs,"351 9th Street; Suite 302; San Francisco, CA 94103,US",56 %,,,,,,,,,,,,,yes
ClimateAi,"Jul 28, 2025 12.57 PM",climate.ai,that offers advanced Al-driven solutions for__. ClimateAi is - climate intelligence provider San Francisco climateai,51-200,Venture Capital,2017,,38.2,Series,academyinvestorcom,"353 Sacramento St; San Francisco, California 94111, US",6%,~31%,~33%,-15%,37%,218 %,69%,,,,,,,yes
CLO Virtual Fashion,"Jul 28, 2025 12.57 PM",kdbcapital.co,specializing in 3D garment simulation and_. CLO Virtual Fashion is software company clovirtualfashion con clo-virtual-fashion- inc-,201-500,Private Equity,2009,,40.7,Series,Atinum Investment,"Gangnam-gu, Seoul, Republic of Korea; Gangnam",~17%,,,,,,,,,,,,,yes
CloudCart,"Jul 28, 2025 12.57 PM",cloudcart.com,is an eCommerce platform that provides comprehensive solutions for_ cloudcart com Bulgaria Sofia City Sofia cloudcart-Ilc,11-50,Venture Capital,2016,,,Series,Elevator Ventures,"ulitsa Panorama Sofia 5; Sofia, Sofia 1766,BG",5%,-9%,9%,-18%,-18 %,~4%,17%,14%,269%,-10%,,,,yes
Coefficient,"Jul 28, 2025 12.57 PM",coefficient.io,~company that provides tools for connecting _. company thaj Coefficient is provides tools for connecting _ data automation software coefficientio Palo Alto criefficientworks ctiefficientworks,51-200,Venture Capital,2020,,24.7,Series,Battery Ventures,"Palo Alto, CA 94301, US",6 %,3%,3 %,17%,60%,214%,407%,725%,-0%,0%,,,,yes
CoLab Software,"Jul 28, 2025 12.57 PM",colabsoftware.com,specializes CAD collaboratior software company that and design__. FI Canada Newfoundland And Labrador Gaultois ctilabsoftware,51-200,,2017,,47.5,Series,Hebron Project,"SN8, CA",8%,16 %,34%,56%,63%,208%,379%,225%,,,,,,yes
Company,"Jul 28, 2025 12.57 PM",akeneo.com,Akeneo in product information management (PIM) &. technology company specializing akeneo com aleneo,,Private Equity,2013,,196.4,Series,Alven,"place General Mellinet; NANTES, FRANCE 44100, FR",4%,7%,49%,93%,132%,-5%,,,,,,,,yes
Company,"Jul 28, 2025 12.57 PM",sourcemap.com,Sourcemap is a supply chain management software provider that offers solutions for_ sourcemap com sciurcemap stiurcemap,51-200,Venture Capital,2011,,,,,York,~3%,3%,-11%,-13%,-28%,28%,129%,342%,1%,,,,,yes
Corevist,"Jul 28, 2025 12.57 PM",corevist.com,Inc. is a B2B software company that specializes providing integrated. corevist com Raleigh ctrevist,51-200,,2008,,8.2,Series,Halstatt,7474 Creedmoor Road; #108,5%,2%,2 %,-10%,-26%,332%,~48%,,,,,,,yes
Cradle Technology Services (Pty) Ltd,"Jul 28, 2025 12.57 PM",cradle.co,solutions provider specializing in barcoding_. Cradle Technology Services technology .za South Africa Western Cape Cape Town cradle-technology- services-pty-Itd,11-50,Venture Capital,2000,,,Series,Knife Capital,Olive Grove Business Park; Old Paardevlei Road,-4%,4%,~4%,11%,,,,,,,,,,yes
Crisp,"Jul 28, 2025 12.57 PM",gocrisp.com,provides data analytics company that collaborative commerce platform__ gocrisp com Bentonville gucrisp,201-500,Venture Capital,2016,,128,Series,Cox Enterprises,"Bentonville, AR 72764, US",31%,39%,53%,120%,154%,312%,504%,21%,,,,,,yes
Crofarm,"Jul 28, 2025 12.57 PM",crofarm.com,company that connects farmers with __. Crofarm Agriproducts Pvt Ltd is an agri-tech crofarm com crofarm,"501-1,000",Private Equity,2016,,29.3,Series,WestBridge Capital,"37 Arjun Marg; DLF Phase 1; Gurgaon; Haryana 122002, IN",~8 %,-12%,-16%,-16 %,-10%,2%,66 %,150%,,,,,,yes
Cropin,"Jul 28, 2025 12.57 PM",cropin.com,is an agriculture technology company that _ Cropin Technology Solutions Private Limited agriculture technology company that_. cropin com cropin-technology,201-500,Private Equity,2010,,46.4,Series,abcworld com.sg,"Karnataka 560029, IN",~2%,-2%,~8%,-8 %,-14%,-16 %,-16%,-24%,-6%,6 %,5%,,,yes
CSEMREENRTJRA,"Jul 28, 2025 12.57 PM",3vjia.com,3VJIA is design solutions for the home decoration a__ software company specializing in es%bg%bf%ea__,"501-1,000",Venture Capital,2013,,117.6,Series,FENFWree+TR,"Cm,CSA510663, CN",39%,0%,~2%,18 %,84%,,,,,,,,,yes
Curri,"Jul 28, 2025 12.57 PM",curri.com,is a logistics company specializing in last-mile delivery services for construction_. curri com Ventura cuirri,51-200,Venture Capital,2018,,48.1,,,"Ventura, California 93001,US",7%,11%,21%,43%,46%,276%,261%,16 %,,,,,,yes
dataplor,"Jul 28, 2025 12.57 PM",dataplor.com,is a location intelligence provider that offers comprehensive data solutions to _. dataplor com (USA) diltaplor,51-200,Venture Capital,2017,,37.9,,,"1200 N Federal Hwy; Boca Raton; Florida 33432, US",12%,17%,32%,45%,94%,72%,131%,-32%,,,,,,yes
Deck Commerce,"Jul 28, 2025 12.57 PM",deckcommerce.com,specializing in order management systems technology provider deckcommerce com St: Louis duck-commerce,11-50,Venture Capital,2015,,12.5,Series,Plymouth Growth,"Brentwood Blvd; St Louis, Missouri, US",-4%,-12%,-10%,18 %,~24%,46%,148%,,,,,,,yes
Deskera,"Jul 28, 2025 12.57 PM",deskera.com,is = offers integrated solutions for accounting;_ business software provider that Minneapolis duiskera,51-200,Venture Capital,2008,,182.8,Series,Jungle Ventures,"729 N Washington Ave; 6th Floor; Minneapolis, MN 55401, US",~6%,-14%,-23%,-29%,30%,~25%,~54%,5%,,,,,,yes
Dexory,"Jul 28, 2025 12.57 PM",dexory.com,in warehouse automation and analytics. The _ ' technology company specializing dexory com London buts-and-US,51-200,Venture Capital,2015,,118,Series,Atomico,"Portobello; London; W1O 5JJ, GB",4%,41%,31%,162%,550%,,,,,,,,,yes
Diginex,"Jul 28, 2025 12.57 PM",solutions.com,is Diginex is a sustainability software provider that specializes in ESG reporting and supply_ sustainability software provider diginex - solutions com S.A.R Hong Kong diginex-solutions - esig,51-200,,2017,,,Series,0 Hearst Magazines,Kong;',,,,,,,,,,,,,,yes
Dispatchlt,"Jul 28, 2025 12.57 PM",solutions.it,Dispatch is a logistics company specializing in last-mile delivery solutions It offers a_ ~dispatchit com Bloomington dispatch-Ilc,51-200,Venture Capital,2016,,32,,,"1401 W 94th Street; Bloomington, MN 55431, US",5%,17%,24%,42%,76 %,161%,182%,,,,,,,yes
Distru,"Jul 28, 2025 12.57 PM",distru.com,is : cannabis ERP solutions: It offers a_ software company specializing in distru com Oakland distru,11-50,Venture Capital,2016,,,Series,Global Founders Capital AF,"330 Znd St:; Oakland, CA 94607, US",13%,25%,40%,59%,96%,180%,-28%,,,,,,,yes
dolado,"Jul 28, 2025 12.57 PM",dolado.com,provider that connects sellers and industries_ digital marketplace and logistics br crimpredolado,51-200,Venture Capital,2020,,12.2,Series,Clocktower Ventures,"Sao Paulo, BR",2 %,2%,5%,~31%,127%,,,,,,,,,yes
Dorabot,"Jul 28, 2025 12.57 PM",dorabot.com,~smart warehouse solutions: They design _ robotics company specializing in dorabot com Peachtree Corners dorabot-inc:,51-200,Venture Capital,2015,,,Series,Sinovation Ventures (@IMI,"Peachtree Corners, Georgia GA 30071, US",~1%,43%,3%,-7%,-26%,-44%,~37%,~32%,,,,,,yes
DOSS.COM,"Jul 28, 2025 12.57 PM",doss.com,Doss in providing enterprise resource planning_. software company that specializes San Francisco oilonata-operations,11-50,Venture Capital,2019,,23.4,Series,20sales.vc,"San Francisco, CA, US",10%,35%,157%,285%,311%,,,,,,,,,yes
Dropit,"Jul 28, 2025 12.57 PM",vault-inv.com,is offers omnichannel fulfillment solutions and_ retail technology provider that dropit shop diopit-shopping,51-200,,2016,,49.8,Series,vault-invcom,"Regent Street; United Kingdom , GB",-2%,3%,-10%,~25%,-19%,-23%,,,,,,,,yes
Eaenu#IaEiXTRA,"Jul 28, 2025 12.57 PM",ebestmobile.com,specializing in sales force automation. eBest Mobile is a technology company ~eBest Mobile = specializing in sales force automation _ technology company ebestmobile com %e4%b8%8a%e6. %e4%b8%8a%e6_,"501-1,000",Venture Capital,2000,,,Series,Sinovation Ventures (@IMiI,"m, Lwm 200030, CN",-6%,~6%,6 %,~6 %,~21%,221%,,,,,,,,yes
Earri#WEE TRA,"Jul 28, 2025 12.57 PM",fineex.com,"Shanghai Fineex Supply Chain Management Co , Ltd_ logistics company that__. fineex com le4%b8%8a%e6_","501-1,000",Venture Capital,2006,,160.8,Series,nla,"2Wb218588535*71+3217-32272; EXem, ENm",1%,-9%,~34%,30%,,,,,,,,,,yes
EASANTJRRA,"Jul 28, 2025 12.57 PM",mabangerp.com,"Mabang Technology Co , Ltd. comoanv specializing in cross ;-border e .. software mabangerp","501-1,000",Venture Capital,2010,,77.2,Series,MNTtz VRMTJRRA ],"May 15, 2022",-13%,~7%,-8 %,,,,,,,,,,,yes
EaswiaaXTRA,"Jul 28, 2025 12.57 PM",coho.com,Shanghai Laoqin Information Technology Co Ltd. is a labor management software provide .cn %e4%b8%8a%e6_,51-200,Venture Capital,2014,,15.2,Series,China Growth Capital,6041,12%,22%,,,,,,,,,,,,yes
Easyecom,"Jul 28, 2025 12.57 PM",solutions.it,specializing in eCommerce solutions It offer_ EasyEcom is a white-collar service company easyecomio ealsyecom,51-200,Venture Capital,2015,,2022,Series,nja,"BLOOMINGDALE LAYOUT, OPPOSITE QUETZEL",5 %,11%,28%,35%,146%,290%,540%,,,,,,,yes
Easyship,"Jul 28, 2025 12.57 PM",easyship.com,offers eCommerce businesses tools to Easyship is shipping software provider that eaisyship,51-200,Venture Capital,2015,,,Series,500 Global,"61 Broadway; Suite 1705; New York; New York 10006, US",~2%,2%,-7%,-17%,7%,48%,96%,,,,,,,yes
ecoplanet,"Jul 28, 2025 12.57 PM",ecoplanet.tech,Green Operations GmbH is an energy management company that offers. ecoplanet tech ecoplanet-green- operations,51-200,Private Equity,2022,,19.5,Series,EQT Ventures,"MarsstraBe 46; Munich; Bavaria 80335, DE",20%,12%,104%,218 %,0%,,,,,,,,,yes
Eden,"Jul 28, 2025 12.57 PM",jil.com,is provider that offers solutions for desk:_ workplace management software edenworkplace com San Francisco eclen-inc -,11-50,Venture Capital,2020,,23,Series,spark jIl.com,"351 California St; Suite 1100; San Francisco, California 94104, US",11%,-4%,4%,9%,20%,27%,-15%,,,,,,,yes
Elmt+RuaMtr A&),"Jul 28, 2025 12.57 PM",elitesland.com,"Shanghai Elitesland Software System Co., Ltd. consulting and software development__. sciftware-system _ stianghai-elitesland-","501-1,000",Venture Capital,2004,,14.9,Series,songyuancap com,"137t2815887521+[R+OOLZATEZE; Amg, Lim, CN",-0%,8 %,3%,0%,5%,16 %,,,,,,,,yes
Emitwise,"Jul 28, 2025 12.57 PM",emitwise.com,that provides solutions for businesses to tra_. carbon management company emitwise com London hitwise,51-200,Venture Capital,2019,,,Series,ArcTern Ventures,"Mar 30, 2022",,,,,,,,,,,,,,yes
Engage3,"Jul 28, 2025 12.57 PM",engage3.com,F that provides innovative software solutions pricing intelligence company Davis eligage3,201-500,Private Equity,2008,,64,,,"707 4th St; Davis, California 95616,US",4%,~5%,5%,1%,~9%,79%,123%,86 %,~42%,,,,,yes
Enode,"Jul 28, 2025 12.57 PM",enode.com,provides API solutions for connecting and_ an energy technology company that eriode-io,11-50,Venture Capital,2020,,17.2,Series,BoxGroup,"Inkognitogata; Oslo, NO",3%,7%,20%,66 %,252%,650%,900%,45%,,,,,,yes
enVista,"Jul 28, 2025 12.57 PM",envistacorp.com,is a consulting firm specializing in supply chain strategy and enterprise _ envistacorp com (USA) erivista,201-500,Venture Capital,2002,,16.1,,,"11555 N. Meridian St , Suite 300; Carmel, IN 46032,US",0%,1%,4%,-17%,-36 %,~27%,18 %,5%,,,,,,yes
ENXMIETRXTRA&,"Jul 28, 2025 12.57 PM",welinkdata.com,specializing in digital economy solutions. WelinkData technology service provider Th_. %e4%b8%8a%e6_.,51-200,Venture Capital,2007,,9.6,Series,nla,"200062, CN",~8 %,-8%,-11%,-17%,~32%,,,,,,,,,yes
Epic Gardening,"Jul 28, 2025 12.57 PM",epicgardening.com,is a gardening supply retailer that offers wide range of products includin__. epicgardening com Broomfield ejiic-gardening,51-200,Venture Capital,2013,,17.5,Series,Tcg,"660 Compton St; Broomfield, Colorado 80020, US",7%,4%,24%,94%,323%,340%,500%,-10%,,,,,,yes
Epost Plus,"Jul 28, 2025 12.57 PM",epost.co,specializing in eCommerce and L Epost technology solutions provider logistics Th_ Malaysia Sabah Kota Kinabalu epostplus,51-200,Venture Capital,2019,,2.3,Series,nla,"Mile 5.5, Tuaran Road; Kota Kinabalu; Sabah; MY",4%,-8 %,-26 %,,,,,,,,,,,yes
eSUB Construction Software,"Jul 28, 2025 12.57 PM",suite.no,provider that offers solutions tailored for_ eSUB is : construction management software esub. com San Diego esub,51-200,Private Equity,2008,,,Series,Catalyst Investors,"4875 Eastgate Mall Suite No. 250; San Diego, CA 92121, US",-2%,2%,~8 %,-8%,-44%,50%,~39%,~53%,63%,,,,,yes
Eturnity AG,"Jul 28, 2025 12.57 PM",eturnity.ch,is specializing in renewable energy solutions. software company eturnity ch jurnity-ag,51-200,Private Equity,2012,,8.8,Series,Alantra,,,,,,,,,,,,,,,yes
Eupry,"Jul 28, 2025 12.57 PM",eupry.com,is temperature compliance solutions for__ company that specializes in eupry com elpry-aps,51-200,Venture Capital,2014,,27.6,Series,Chr: Augustinus Fabrikker,"~Hejrevej 28; 1; Copenhagen N, Capital Region of Denmark 2400",17%,23%,35%,40%,110%,207%,-24%,,,,,,,yes
everstox,"Jul 28, 2025 12.57 PM",everstox.com,~everstox is integrated logistics solutions for eCommerc__. logistics company that provides everstox com ~everstox,51-200,Venture Capital,2019,,22.4,Series,Acton Capital,"GanghoferstraBe 68b; Munich, Bavaria 80339, DE",-16%,-12%,-7%,~20%,1%,190%,814%,20%,,,,,,yes
Everysens,"Jul 28, 2025 12.57 PM",everysens.com,specializing rail transport management logistics technology provider everysens com ~evrerysens,51-200,Venture Capital,2015,,6.7,Series,Aglae Ventures,"11 bis rue Beaurepaire; Paris, Ile-de-France 75010, FR",-2%,-12%,-10%,-18 %,10%,36 %,78%,148%,,,,,,yes
EXA Kehu,"Jul 28, 2025 12.57 PM",kehutech.com,KEHU is a technology company specializing in distribution automation solutions: offers kehutech com kehutech,51-200,Venture Capital,2015,,,Series,French Partners,"#ZK, Ei4i 200000,CN",-3%,3%,6 %,,,,,,,,,,,yes
EXA@#t WRTJRA&,"Jul 28, 2025 12.57 PM",burgeon.cn,specializing in retail technology solutions_ Burgeon Technology is a software company e4%b8%8a%e6_,201-500,Venture Capital,1990,,15.1,Series,Calor Capital,"Jul 30, 2018",~1%,5%,6 %,16 %,96%,,,,,,,,,yes
Explorate,"Jul 28, 2025 12.57 PM",explorate.co,is in freight forwarding and supply chain_. logistics company specializing exploratehq,51-200,Venture Capital,2017,,,Series,Evp,"Valley , Queensland 4006, AU",~1%,-5%,5%,-11%,9%,175%,400%,,,,,,,yes
FarmERPe,"Jul 28, 2025 12.57 PM",farmerp.com,FarmERP ~company that provides innovative farm __ FarmERP is an agriculture technology company that provides innovative farm __ an agriculture technology farmerp com farmerp-smart - platform,51-200,Venture Capital,2001,,,Series,TechnoGen IT Services Ind,"Unit No. 17, Znd Floor; Electronic Co-operative Estate Ltd ; Pune",-2%,-18%,-18 %,~15%,-15%,-28%,126%,115%,152%,2%,,,,yes
Fergus,"Jul 28, 2025 12.57 PM",fergus.com,is ~provider that offers solutions for trades. job management software New Zealand Auckland Auckland fergus-software - lirnited,51-200,Venture Capital,2012,,17.7,Series,Evp,"65 New North Road, Eden Terrace; Auckland, Auckland 1021, NZ",-8 %,6 %,-12%,10%,30%,23%,,,,,,,,yes
Flexe,"Jul 28, 2025 12.57 PM",flexe.com,flexible warehousing infrastructure and_. logistics company that provides Seattle fluxe,51-200,Private Equity,2013,,263,Series,Activate Capital,"4786 Ist Ave S; 106; Seattle, Washington 98134,US",41%,43%,~3%,-7%,~51%,~50%,-12%,49%,~45%,,,,,yes
Food Market Hub,"Jul 28, 2025 12.57 PM",foodmarkethub.com,is provides procurement and inventory_. software company that Malaysia Kuala Lumpur Petaling Jaya fcodmarkethub,51-200,Venture Capital,2017,,12.9,Series,500 Global,"100-2.0118013, 129 Offices (Block J), Jaya One, Jalan Prof",-7%,-18 %,~15%,-15%,~27%,~33%,32%,416 %,,,,,,yes
Foyr,"Jul 28, 2025 12.57 PM",foyr.com,i that provides innovative tools for interior __. an interior design software company foyr com fcyr,51-200,Venture Capital,2015,,9.7,Series,jllcom,"37-05 74th Ave; 3rd Floor Jackson Heights,; New York; NY, US",~2%,4%,5%,8 %,-4%,-3%,-12%,0%,,,,,,yes
FreightAmigo,"Jul 28, 2025 12.57 PM",freightamigo.com,is a logistics company that specializes in supply chain management an_. S.A.R Hong Kong fr eightamigo,51-200,Venture Capital,2017,,,Series,nja,Tong,9%,27%,64%,360%,-2%,,,,,,,,,yes
Fresho,"Jul 28, 2025 12.57 PM",fresho.com,is wholesale food supply management: It offer_ software provider specializing in fresho-,51-200,Venture Capital,2016,,34.2,,,"412 St Kilda Rd; Melbourne, Victoria 3004, AU",7%,11%,28%,35%,37%,88%,220%,,,,,,,yes
Frontify,"Jul 28, 2025 12.57 PM",frontify.com,is a brand management software company that offers solutions for organizing_ frontify com fr ontify,201-500,Private Equity,2013,,80.6,,,"Unterstrasse 4; St Gallen, St Gallen 9000, CH",3%,5%,11%,68 %,141%,13%,,,,,,,,yes
GearLaunch,"Jul 28, 2025 12.57 PM",gearlaunch.com,is an e-commerce platform that specializes in print-on-demand services __. gearlaunch com (USA) #arlaunch,51-200,Venture Capital,2014,,4.8,,,"5570 W 1730 S; Ste 900; Salt Lake City, Utah 84104,US",2%,6%,6 %,26%,68%,104%,132%,185%,,,,,,yes
Geniemode,"Jul 28, 2025 12.57 PM",geniemode.com,platform that specializes in supply chain__. Geniemode is tech-powered sourcing guniemode,201-500,Private Equity,2021,,87.2,,,"Gurgaon, Haryana 122015, IN",-4%,0%,4%,23%,137%,533%,54%,,,,,,,yes
GoExpedi,"Jul 28, 2025 12.57 PM",goexpedi.com,is an industrial supply company that revolutionizes the supply chain for heavy_. (USA) guexpedi,51-200,Private Equity,2017,,108.3,,,"8844 N Sam Houston Pkwy W; Suite 210; Houston, Texas 77064",-14%,-16 %,16 %,-49%,-66 %,68%,-47%,,,,,,,yes
GoFreight,"Jul 28, 2025 12.57 PM",gofreight.com,is in freight forwarding solutions. They software company specia provide _. llizing gofreight com Los Angeles hilrd-core - technology-corp_,51-200,Venture Capital,2017,,28,Series,Cornerstone Ventures U4;,"Los Angeles, US",~1%,~0%,-0%,2%,11%,-22%,44%,192%,-17%,,,,,yes
Gokomodo,"Jul 28, 2025 12.57 PM",gokomodo.com,company that provides an agricultural supply chain wide range of_ gukomodo,51-200,Venture Capital,2019,,26,Series,East Ventures,"North Tower; Lantai 18; Jakarta, DKI Jakarta 12930, ID",7%,18%,18 %,29%,161%,750%,754%,~37%,,,,,,yes
Goodshutfle,"Jul 28, 2025 12.57 PM",goodshuffle.com,"Goodshuffle Pro is a software company that provides event rental management solutions. pro goodshuffle com Columbia Washington, DC.",11-50,Venture Capital,2015,,5.3,Series,FINTOP Capital,,,,,,,,,,,,,,,yes
GreenPocket GmbH,"Jul 28, 2025 12.57 PM",greenpocket.com,F energy management solutions company specializing They . ~offer greenpocket com eenpocket-gmbh,11-50,Venture Capital,2009,,11.6,,,"SchanzenstraBe 6-20, Labor 3.09; Koln; 51063, DE",18 %,25%,22%,~2%,~4%,-47%,,,,,,,,yes
GreyOrange,"Jul 28, 2025 12.57 PM",greyorange.com,specializing in warehouse automation and _ GreyOrange is a technology company greyorange com (USA) gugreyorange,"501-1,000",Venture Capital,2012,,436.8,,,"120; Roswell, Georgia 30076, US",0%,3%,5%,10%,38%,64%,-10%,,,,,,,yes
Group,"Jul 28, 2025 12.57 PM",com.cn,Enotek Group manufacturer and software solutions provid_ logistics equipment enotekcom Asliftchina,,Venture Capital,2008,,15.6,Series,octcapital com.cn,"No. 2337 Gudai Road, Minhang District; Shanghai",~2%,~3%,43%,3%,~4%,,,,,,,,,yes
Grubtech,"Jul 28, 2025 12.57 PM",grubtech.com,specializing in technology company restaura management__ grubtech com United Arab Emirates Dubai Dubai giubtech,51-200,Venture Capital,2019,,33.4,Series,Addition,Al Abraj Street; 1201; Dubai; AE,4%,7%,22%,33%,40%,213%,840%,,,,,,,yes
Hicx,"Jul 28, 2025 12.57 PM",hicx.com,provider that HICX is a supplier management software specializes enhancing-_ hicx com London hicx,51-200,Venture Capital,2004,,,Series,Wavecrest Growth Partner:,"Surrey Quays; 505; London; London SE8 SEN, GB",2%,-4%,-14%,4%,37%,63%,210%,39%,,,,,,yes
Higharc,"Jul 28, 2025 12.57 PM",higharc.com,= that offers an intelligent platform for homebuilding software provider higharc com higharc,51-200,Private Equity,2018,,,Series,Ferguson Ventures Inc,"Anywhere, US OOOOO, US",0%,6 %,29%,86 %,159%,293%,660%,35%,,,,,,yes
Hivery,"Jul 28, 2025 12.57 PM",hivery.com,is a retail technology company specializing in Al-driven solutions for_. hivery com hivery,51-200,Private Equity,2015,,43.4,Series,ASI Growth Partners,"Surry Hills, New South Wales 2010, AU",~66%,90%,98 %,~97%,89%,,,,,,,,,yes
HostBooks Limited,"Jul 28, 2025 12.57 PM",hostbooks.com,HostBooks is a business automation solutions provider that offers range of software _. hostbooks com Astbooksindia,201-500,Venture Capital,2009,,,,,"18; Gurugram, Haryana 122015,IN",1%,9%,8%,8 %,31%,93%,81%,80%,-36%,,,,,yes
Hubilo,"Jul 28, 2025 12.57 PM",hubilo.com,is a technology company specializing in webinar software and event marketing_. (USA) hubilo,51-200,Venture Capital,2020,,153,,,"94111, US",9%,-11%,11%,~25%,25%,-56 %,-64%,-48%,147%,-55%,,,,yes
HypaShip,"Jul 28, 2025 12.57 PM",hypaship.com,is a logistics technology provider that offers modular; end-to-end platform __. Witney hwpaship,51-200,Venture Capital,2011,,2017,Series,Concentric,"OX29 OYN, GB",5 %,10%,16%,16 %,5%,-15%,,,,,,,,yes
Hyperlounge,"Jul 28, 2025 12.57 PM",hyperlounge.ai,company that provides subscription-based_ 51-200 Iperlounge,,Venture Capital,2020,,7.8,Series,Altara Ventures,485443374452 130; 4s2itji2 14012; 48544,-8%,-32%,32%,30%,40%,133%,,,,,,,,yes
IdeaSoft Yazilim,"Jul 28, 2025 12.57 PM",ideasoft.com,IdeaSoft is an e-commerce solutions provider that offers range cpricec including ideasoft com.tr Turkey istanbul Ayazaga ideasoft-yaz- -m,201-500,Venture Capital,2005,,29,Series,inventures,Cumhuriyet Mah: Libadiye Cad. Cimen Sok No:2; Istanbul,0%,9%,15%,29%,75%,-32%,,,,,,,,yes
ifesca GmbH,"Jul 28, 2025 12.57 PM",ifesca.de,itesca GmbH is an energy management company that specializes in providing__ ifesca de ifosca ~gmbh,11-50,Venture Capital,2016,,18.5,,,"Am Vogelherd 10; Ilmenau; Thuringen 98693, DE",8 %,-10%,-19%,3%,41%,54%,,,,,,,,yes
Ignite,"Jul 28, 2025 12.57 PM",ignite.no,"that provides solutions for compliance, is a sustainable procurement platform igniteprocurement",51-200,Venture Capital,2017,,16.4,Series,Arkwright X,"Nedre Vollgate 11; Sentrum; Oslo 0158,NO",2%,5%,18 %,14%,77%,212%,,,,,,,,yes
ImageDT BEE#E,"Jul 28, 2025 12.57 PM",hsgcap.com,Prometheus is specializing in time series data collection snecializing in time ceries data collection software company an - imagedt com imagedt:com iniagedt%e5%9b _ iniagedt%e5%9b_,51-200,Venture Capital,2016,,11.5,,,"065110665; C2809;/Wm,r5Z 510000, CN",2%,~2%,-2%,-14%,-11%,14%,84%,,,,,,,yes
Impact Analytics,"Jul 28, 2025 12.57 PM",impactanalytics.co,specializing Al-powered solutions for retai_. technology company ipact-analytics,"501-1,000",Venture Capital,2015,,76.7,Series,Blue Cloud Ventures,"368, 9th Avenue; 11-103; New York, New York 10001, US",7%,14%,31%,74%,132%,199%,224%,-12%,,,,,,yes
IndicaOnline POS Software,"Jul 28, 2025 12.57 PM",indicaonline.com,IndicaOnline specializing cannabis technology solution __ cannabis technology softwar software company company solution _ indicaonline com Los Angeles indicaonline,51-200,Venture Capital,2011,,2018,Series,nla,"6464 W Sunset Blvd; Los Angeles, California, US",~6%,6%,7%,-17%,17%,12%,133%,211%,180%,~24%,-24%,,,yes
Industrial Wireless Automation,"Jul 28, 2025 12.57 PM",coretigo.com,specializing in industrial automation. They_ Coretigo technology solutions provider coretigo com ctretigo,51-200,Corporate,2017,,66,Series,Amazon Industrial Innovatic,"Giborey Israel 5; Netanya, 4250405",-18 %,-23%,~36%,~49%,-48%,~31%,,,,,,,,yes
Inpulse,"Jul 28, 2025 12.57 PM",inpulse.ai,management and supplier ordering solution _ company that provides inventory duepsight,11-50,Venture Capital,2018,,7.7,Series,High Flyers Capital,"83, Boulevard de Sebastopol; Paris, ile-de-France 75002,FR",10%,17%,-8%,-8 %,31%,68 %,,,,,,,,yes
Insite Al,"Jul 28, 2025 12.57 PM",insite.ai,specializing in advanced analytics ad_ Insite Al is an solutions provider Bentonville insite-ai,51-200,Venture Capital,2019,,20.3,Series,AIM,"Bentonville, Arkansas 72712, US",3%,8%,8 %,-4%,4%,1%,116 %,318%,,,,,,yes
Inspectorio,"Jul 28, 2025 12.57 PM",inspectorio.com,specializing in supply chain management__. technology solutions provider Minneapolis inspectorio,201-500,Private Equity,2015,,65.8,Series,bossa invest,"6th St ; Suite 3900; Minneapolis, Minnesota MN 55402",1%,0%,2%,9%,3%,44%,75%,30%,,,,,,yes
InstaFreight,"Jul 28, 2025 12.57 PM",instafreight.de,InstaTechnologies GmbH is a logistics InstaTechnologies CmbH is technology provider that offers logistics digital_. instafreight de instafreight-gmbh Load,,,2016,,75.2,Series,European Investment Bank,"OranienstraBe 25; Berlin, 10999, DE",-35%,35%,-58%,-68%,-59%,-38%,,,,,,,,yes
inVia Robotics,"Jul 28, 2025 12.57 PM",inviarobotics.com,provider that specializes in enhancing-_ inVia Robotics is a warehouse automation (USA) invia-robotics,11-50,Venture Capital,2015,,59,,,"5701 Lindero Canyon; Westlake Village, CA 91362,US",3%,71%,~1%,8 %,-8 %,-14%,-35%,20%,59%,,,,,yes
iStore iSend,"Jul 28, 2025 12.57 PM",istoreisend.com,"2o, ZozJ ea provider specializing in logistics and packin _ provider specializing commerce fulfillment logistics and packin . istoreisend com Se Malaysia Wviclayoic Kuala Lumpur Eeen Puchong Sl istore-isend",51-200,Venture Capital,2015,,5.5,Series,Sceti,"Selangor 47120, MY",-3%,4%,2%,5%,18 %,91%,149%,-8 %,,,,,,yes
ItrxxbnitrefAJ,"Jul 28, 2025 12.57 PM",rtmap.com,"RTMAP is a software service provider specializing in smart retail solutions and_ rtmap com %e5""8c%97%e4..",1-10,Venture Capital,2011,,12,,,"Xiz,1L5, CN",34%,1%,5%,27%,,,,,,,,,,yes
Iunu,"Jul 28, 2025 12.57 PM",iunu.com,is an agricultural technology company that provides Al-assisted growing solutions. iunu com Seattle iunu,51-200,Venture Capital,2013,,20,Series,Fcc,"558 Ist Ave S; Seattle, WA 98103, US",4%,-7%,-12%,13%,73%,143%,155%,,,,,,,yes
Javelot,"Jul 28, 2025 12.57 PM",agriculture.com,post-/ Javelot is an Agritech company specializing in harvest solutions for the agricultural__ javelot- agriculture com Bretonneux hallojavelot,51-200,Private Equity,2018,,10.6,,,"France 59700, FR",9%,22%,38%,38 %,256%,355%,530%,,,,,,,yes
jitiaei^TIRA,"Jul 28, 2025 12.57 PM",maidiyun.com,China Industrial Internet Research Institute is public entity focused on enhancing the_. maidiyun com %e8%bf%/88%e8_,51-200,,2015,,1.6,,,"MmmTike=1116 56013; #mm, #;IFT 310000, CN",9%,18 %,15%,11%,40%,~72%,,,,,,,,yes
JST Group,"Jul 28, 2025 12.57 PM",jushuitan.com,"28, 2025 12.57 PM Shanghai JUSHUITAN Network Technology CO,LTD. co.LTD. is a SaaS provider specializing in e_ SaaS provider specializing in jushuitan com %e4%b8%8a%e6_. %e4%b8%8a%e6.","1,001-5,000",Private Equity,2014,,205.7,Series,Series C,"Shenchang Road 990; Shanghai, 200000, CN",18 %,18%,,,,,,,,,,,,yes
Jungheinrich company,"Jul 28, 2025 12.57 PM",arculus.de,arculus is a technology company in the development = high-â‚¬ end mobile robo specializing arculus de arculus-gmbh,51-200,Venture Capital,2016,,17.5,Series,Atomico,"BalanstraBe 73; Haus 10; Munich, Bavaria 81549, DE",2%,3%,7%,27%,-71%,,,,,,,,,yes
Kardinal,"Jul 28, 2025 12.57 PM",kardinal.ai,"28, 2025 12.57 PM that specializes Kardinal is a logistics optimization company that specializes in Al-driven solutions for_. Al-driven solutions for__. kiirdinalai kairdinalai",11-50,Venture Capital,2015,,12.6,Series,Bgv,"Victoire; Paris, Ile-de-France 75009, FR",~1%,32%,7%,3%,14%,128%,128 %,,,,,,,yes
Katana Cloud Inventory,"Jul 28, 2025 12.57 PM",katana.cloud,management solutions: software company that provides katanamrp: com Estonia Harju Tallinn Itanamrp,51-200,Private Equity,2017,,,Series,42cap,"Staapli 12; 13; Tallinn, Harju 10415, EE",-13%,-16%,-16 %,-18%,8 %,137%,447%,,,,,,,yes
Keen Decision Systems,"Jul 28, 2025 12.57 PM",keends.com,analytics company analytics company that provides an Al _ {tha provides marketing Al-_ keends com Durham keen-strategy-Ilc,11-50,Venture Capital,2010,,17.9,Series,Ballast Point Ventures,"27709, US",10%,18 %,-1%,13%,54%,72%,,,,,,,,yes
Kevala,"Jul 28, 2025 12.57 PM",kevala.com,provides software solutions provides software solutions for grid_ an energy analytics company that energy analytics company that grid. kevala com San Francisco keivala-inc- keivala-inc -,51-200,Venture Capital,2014,,,Series,C5 Capital,"550 California St; #625; San Francisco, California 94104, US",-12%,~40%,-40%,-20%,~20%,-26%,-35%,41%,177%,225%,~25%,,,yes
Khetika,"Jul 28, 2025 12.57 PM",superzop.com,SuperZop is an agri-tech company that connects farmers to retailers through a. superzop com sliperzop,51-200,Private Equity,2016,,5.2,Series,Incofin Investment Manage,"Mumbai, IN",5%,13%,20%,26%,70%,262%,346%,204%,,,,,,yes
Khulal,"Jul 28, 2025 12.57 PM",khula.co,Khula digital solutions for farmers and buyers an agri-tech platform that provides Ath;; .za South Africa Gauteng Johannesburg ktiulaagriculturete __.,11-50,Venture Capital,2016,,8.7,Series,Absa Group,"Bompas Road Dunkeld West; Johannesburg, Gauteng 2191",21%,31%,78%,78 %,66 %,85 %,138 %,455%,-14%,,,,,yes
Kiddom,"Jul 28, 2025 12.57 PM",kiddom.co,is an educational technology provider that offers comprehensive digital curriculu__. kiddom co San Francisco kiddom,51-200,Venture Capital,2015,,56.5,,,"San Francisco, California, US",20%,33%,34%,112%,101%,172%,262%,-29%,,,,,,yes
Kinexon,"Jul 28, 2025 12.57 PM",kinexon.com,specializing in industrial automation solution: KINEXON i technology company kinexon com kinexon,201-500,Private Equity,2012,,147.8,Series,BMW i Ventures,"Schellingstr: 35; Munich, Bavaria 80799,DE",-4%,-10%,-11%,11%,-17%,-16 %,13%,23%,~20%,,,,,yes
Kleene.ai,"Jul 28, 2025 12.57 PM",kleene.ai,"28, 2025 12.57 PM ~solutions provider that offers solutions provider that offers is ~data management ad Al data management and Al range of__ range of_.. kleene: (UK) minoro",51-200,Venture Capital,2017,,16.1,Series,Episode 1 Ventures,"32-38 Leman Street, Aldgate East; Aldgate East; London",~5%,5%,-12%,~14%,-14%,~25%,~46%,-46%,6%,-15%,,,,yes
Kojo,"Jul 28, 2025 12.57 PM",usekojo.com,is material management solutions for the__ material management solutions for the: software company that provides San Francisco aglora-systems-inc arlora-systems-inc,51-200,Venture Capital,2018,,83.6,Series,8vc,"San Francisco, California 94103, US",7%,13%,8 %,31%,62%,20%,,,,,,,,yes
Kraaft,"Jul 28, 2025 12.57 PM",kraaft.co,in construction project management solutio__ Kraaft is - software company that specializes kraaft-co,11-50,Venture Capital,2020,,16.8,Series,Brick =,"99, Rue La Fayette; Paris, Ile-de-France 75010, FR",9%,51%,64%,115%,124%,211%,366%,,,,,,,yes
Lambent,"Jul 28, 2025 12.57 PM",lambentspaces.com,specializing in space planning solutions. Lambent Spaces is a software company Lambent Spaces is specializing in space planning solutions Th__. software company Th _. lambentspaces com (USA) armoredthings,11-50,Venture Capital,2016,,27.1,,,"Boston; MA, US",9%,11%,5%,-14%,~22%,,,,,,,,,yes
LBB,"Jul 28, 2025 12.57 PM",ibb.co,is a technology company that specializes in mobile ordering solutions for the food__ .jp ~Japan Osaka Osaka,201-500,Venture Capital,2018,,2.3,Series,nla,,,,,,,,,,,,,,,yes
LeanDNA,"Jul 28, 2025 12.57 PM",leandna.com,is in inventory optimization and supply chain_. software company specializing (USA) Ieandna,51-200,Venture Capital,2014,,19.5,,,"611 $ Congress Ave; Suite 300; Austin, Texas 78704,US",5%,3%,6 %,~17%,23%,31%,102%,26%,,,,,,yes
LevaData,"Jul 28, 2025 12.57 PM",ievadata.com,software provider that specializes supply chain management direct _ Ievadata com Pleasanton levadata-inc,51-200,Venture Capital,2013,,65.5,Series,Banneker Partners,Floor,-18 %,-27%,~57%,59%,~54%,28 %,,,,,,,,yes
Leverage,"Jul 28, 2025 12.57 PM",tryleverage.ai,Al is company that offers Al-powered solutions supply chain management Ivrginc,51-200,Venture Capital,2018,,9.9,Series,Chicago Ventures,New York; US,~2%,16%,16 %,-10%,29%,400%,650%,-12%,,,,,,yes
LINGXING Network Technology,"Jul 28, 2025 12.57 PM",lingxing.com,Lingxing ERP is a software company specializing providing ERP solutions for .. lingxing com %e6%b7%b1%e5_,"501-1,000",Venture Capital,2017,,,,,"Dec 14, 2021",19%,184%,,,,,,,,,,,,yes
Livespace,"Jul 28, 2025 12.57 PM",livespace.io,is offers comprehensive platform designed - CRM software provider that Warsaw Iin 'espace,11-50,Private Equity,2013,,3.2,Series,Aria,"Rejtana; 17/12; Warszawa, Mazowieckie 02-516, PL",3%,1%,43%,73%,68 %,103%,126 %,-17%,,,,,,yes
Logcomex,"Jul 28, 2025 12.57 PM",logcomex.com,is a logistics technology company that provides software solutions for planning_ logcomex com Cidade De. logcomex,201-500,Private Equity,2016,,44.5,Series,Alexia Ventures,"andar; Curitiba, Parana",4%,6 %,12%,23%,14%,118 %,451%,,,,,,,yes
LogicLadder,"Jul 28, 2025 12.57 PM",logicladder.com,E provider that offers solutions for energy_. sustainability software logicladder com logicladder,51-200,Venture Capital,2011,,2.8,Series,Rainmatter by Zerodha,Unitech Cyber Park; Sector 39; Gurugram,-10%,24%,60%,26 %,32%,,,,,,,,,yes
"Logile, Inc.","Jul 28, 2025 12.57 PM",logile.com,Logile is offers software solutions for labor_. retail technology provider that Southlake logile-inc-,201-500,Private Equity,2005,,32,Series,Sixth Street,"Southlake Blvd ; Suite 120; Southlake, TX 76052, US",1%,~2%,2%,~6%,6%,3%,28%,55%,-28%,,,,,yes
Logistics Operating,"Jul 28, 2025 12.57 PM",grydd.com,specializing in supply chain solutions. They__ Grydd logistics software provider Seattle giydd,51-200,Venture Capital,2018,,0.9,Series,BDev Ventures,"2815 Elliott Ave; 10O; Seattle, Washington 98121, US",-9%,-6%,6 %,-17%,16 %,93%,480%,,,,,,,yes
Logiwa,"Jul 28, 2025 12.57 PM",logiwa.com,is warehouse management and fulfillment__. software company specializing in Chicago logiwa,51-200,Private Equity,2017,,38.9,,,"233 5 Wacker Dr; Suite 4400; Chicago, Illinois 60606, US",3%,-0%,0%,-14%,-16 %,21%,131%,195%,-57%,,,,,yes
Logixboard,"Jul 28, 2025 12.57 PM",logixboard.com,is a logistics technology provider that offers a customer experience platform_. logixboard com Seattle logixboard,51-200,Private Equity,2016,,50.8,,,"1100 NE Campus Pkwy; Suite 200; Seattle, Washington 98105",~2%,2%,-41%,-60%,-52%,27%,206%,4%,,,,,,yes
LoyaltyLion,"Jul 28, 2025 12.57 PM",ioyaltylion.com,is offers software solutions to enhance: loyalty program provider that Ioyaltylion com London Ioyaltylion,51-200,Venture Capital,2012,,7.3,Series,Kennet Partners,"20 Farringdon Street; London; England EC4A 4AB, GB",~5%,5%,~2%,~20%,-29%,-17%,73%,0%,,,,,,yes
Lucidchart,"Jul 28, 2025 12.57 PM",lucidchart.com,Lucid Software Inc. is that offers web-based diagramming_ software company lucidchart com South Jordan lucidchart,"1,001-5,000",Venture Capital,2010,,228,Series,nla,"Feb 28, 2021",~21%,,,,,,,,,,,,,yes
Makersite,"Jul 28, 2025 12.57 PM",makersite.io,is in product lifecycle intelligence and_ software company specializing Stuttgart makersitede,51-200,Venture Capital,2018,,,Series,Hitachi Ventures,"KonigstraBe 43b; Stuttgart; Baden-Wiirttemberg 70173, DE",13%,32%,64%,154%,431%,963%,-20%,,,,,,,yes
Mappedin,"Jul 28, 2025 12.57 PM",mappedin.com,Inc_ is a mapping software provider specializing in indoor mapping and navigatio_. mappedin com FI Canada Ontario Waterloo mappedin,51-200,Private Equity,2011,,16.1,Series,Channel Equity Partners,"14 Erb St W; Waterloo, Ontario NZL 1S7, CA",~1%,2%,-7%,28%,48%,86 %,,,,,,,,yes
MarketUP,"Jul 28, 2025 12.57 PM",marketup.com,is that offers comprehensive ERP solution_. business management platform marketup brasil,11-50,Venture Capital,2012,,9.5,,,"Avenida Paulista,854; 170 andar; Sao Paulo, Sao Paulo 01310913",8 %,9%,~15%,-15%,-18 %,-18%,-13%,,,,,,,yes
mater,"Jul 28, 2025 12.57 PM",mater.com,m3ter is usage-based billing solutions for BZB_. software company specializing in London,51-200,Private Equity,2020,,31.5,Series,Insight Partners,"London, GB",~5%,-7%,-16%,-16 %,4%,50%,410%,,,,,,,yes
Meal Ticket,"Jul 28, 2025 12.57 PM",mealticket.com,is a software company that provides specialized solutions for foodservi__. mealticket com Boise meal-ticket,51-200,Venture Capital,2010,,,Series,Techstars,"1555 SHORELINE DRIVE; #150; BOISE, Idaho 83702,US",3%,10%,6%,51%,127%,156%,,,,,,,,yes
melonn,"Jul 28, 2025 12.57 PM",melonn.com,is = fulfillment services for logistics company specializing in ~commerce and:_ melonn com Colombia Antioquia Puerto Nare,51-200,Venture Capital,2020,,24.5,Series,Global Founders Capital AF,"Medellin; Antioquia 050022, CO",~5%,~1%,2%,8%,14%,626%,9%,,,,,,,yes
MI2107lz,"Jul 28, 2025 12.57 PM",logiless.com,MtaIu)LX is a logistics technology company that = specializes providing _ corp logiless com giless,51-200,Venture Capital,2017,,10.9,Series,CommerceMedia Inc:,"0031, JP",16%,31%,61%,162%,320%,,,,,,,,,yes
Mushiny Intelligence,"Jul 28, 2025 12.57 PM",topping-capital.co,Mushiny is a robotics company specializing in intelligent logistics solutions: They provide . mushiny com mushiny- intelligence Fco ~Itd,201-500,Venture Capital,2016,,,Series,topping-capital com,"Suzhou Industry Park Xingpu Road #333; Suzhou, Jiangsu; CN",~1%,33%,3%,6%,54%,192%,310%,446%,,,,,,yes
MyTime,"Jul 28, 2025 12.57 PM",mytime.com,"scheduling, point of sale, and software company that provides marketing_ mytime com Los Angeles mytime",11-50,Venture Capital,2013,,19.5,,,"5670 Wilshire Blvd; PH4; Los Angeles, California 90036,US",1%,7%,10%,31%,134%,155%,217%,,,,,,,yes
Naologic,"Jul 28, 2025 12.57 PM",al-enabled.no,is Naologic / Al-enabled no-code platform for Al-enabled no-code platform software company that offers an software company that offers for building_ building_. naologic com San Francisco lologic Iologic,51-200,Venture Capital,2017,,2023,Series,nja,"San Francisco, California 94103, US",-9%,9%,-16%,-16 %,11%,42%,233%,,,,,,,yes
Napta,"Jul 28, 2025 12.57 PM",napta.io,is a staffing solution provider that offers comprehensive platform for staffing and_. pickyourskills,51-200,Venture Capital,2016,,9.9,Series,Kerala Ventures,"63, Rue Saint-Sabin; Paris, ile-de-France 75011, FR",1%,~4%,4%,~2%,12%,0%,,,,,,,,yes
Nexite,"Jul 28, 2025 12.57 PM",nexite.io,specializing in loT and Al solutions for fashio_ retail technology company Aviv-Yafo nexiteretail,51-200,Venture Capital,2017,,100,Series,Battery Ventures,"126 Igal Alon; Tel Aviv, Tel Aviv, IL",5 %,10%,12%,,,,,,,,,,,yes
NextBillion.a,"Jul 28, 2025 12.57 PM",nextbillion.ai,specializing in logistics and route optimizati_ is a software company extbillion-ai,51-200,Venture Capital,2020,,37.3,Series,Microsoft Accelerator,"Straits Vw; Marina South, Singapore 018978, SG",-10%,-16%,-23%,-13%,23%,97%,25%,,,,,,,yes
Nyshex,"Jul 28, 2025 12.57 PM",nyshex.com,is a logistics technology company that provides digital infrastructure for global__. nyshex com nW-york-shipping- exchange-nyshex-,51-200,Private Equity,2014,,68.9,,,"New York, NY 10004, US",33%,3%,-13%,435%,~24%,-14%,,,,,,,,yes
Omnea,"Jul 28, 2025 12.57 PM",omnea.co,that offers Omnea is a procurement automation provider suite of software solutions__. London oinnea,51-200,Venture Capital,2022,,20,Series,Accel,"London, GB",48%,71%,154%,456%,800%,13%,,,,,,,,yes
One Data,"Jul 28, 2025 12.57 PM",onedata.ai,"provider that specializes in building,_ data management solutions e-data-it",201-500,Venture Capital,2013,,44.9,Series,HV Capital,"PrinzregentenstraBe 50; Munich; Bavaria 80538, DE",~1%,~2%,2%,-10%,~21%,4%,,,,,,,,yes
Onebrief,"Jul 28, 2025 12.57 PM",onebrief.com,is company that provides innovative tools for_ military planning software onebrief com Honolulu ollebrief,51-200,Venture Capital,2019,,119.8,,,"3161 Ala Ilima St; Honolulu; Hawaii 96818,US",16 %,46%,129%,506%,005%,250%,660%,,,,,,,yes
OneRail,"Jul 28, 2025 12.57 PM",onerail.com,last mile delivery solutions. They offer OneRail is = logistics company specializing in onerail com Orlando erail-finalmile,51-200,Venture Capital,2018,,109.5,,,"8427 Southpark Circle; 200; Orlando, Florida 32819, US",10%,11%,32%,24%,85 %,,,,,,,,,yes
ONES.com,"Jul 28, 2025 12.57 PM",ones.com,company that offers company that offers a comprehensive__ is = software development compre ensive ones com San Jose ~srart-ones srnart-ones,201-500,Venture Capital,2015,,109,,,"San Jose, California, US",~0%,-0%,5%,5 %,4%,108 %,108%,,,,,,,yes
Onfleet,"Jul 28, 2025 12.57 PM",onfleet.com,specializing in last mile delivery solutions T_ Onfleet is a logistics software provider onfleet com San Francisco ollfleet,51-200,Private Equity,2015,,41.9,Series,Almanac,"717 California St; San Francisco, California 94108, US",5%,2%,7%,-12%,~25%,6%,137%,-23%,,,,,,yes
Opal,"Jul 28, 2025 12.57 PM",workwithopal.com,provides marketing technology company that comprehensive platform for_. workwithopal com Portland opal-software,51-200,Venture Capital,2011,,22.6,Series,Accel,"1060 NW 9th Avenue; Portland, OR 97209, US",5 %,-1%,-0%,1%,3%,2%,11%,-27%,,,,,,yes
Optera,"Jul 28, 2025 12.57 PM",opteraclimate.com,company that provides solutions for. carbon management software opteraclimate com Boulder ~point380,11-50,Venture Capital,2006,,25.7,Series,AngelList,"1215 Spruce St; 201; Boulder; Colorado 80302, US",-29%,-25%,-22%,-17%,29%,200%,2%,,,,,,,yes
Optilogic Inc.,"Jul 28, 2025 12.57 PM",optilogic.com,that Optilogic is offers advanced solutions for supply- supply chain software provider optilogic com Ann Arbor optilogic,51-200,Venture Capital,2019,,53,Series,MK Capital,"Main St; Ann Arbor; Michigan 48104, US",22%,38 %,67%,159%,284%,746%,075 %,42%,,,,,,yes
OptimoRoute,"Jul 28, 2025 12.57 PM",optimoroute.com,comoanv company that provides solutions for delivery _. that provides solutions for delivery_. Troute optimization software route optimization software optimoroute com Palo Alto optimo-route,51-200,Venture Capital,2012,,6.5,Series,Series A,"Palo Alto, US",3%,3 %,1%,48%,52%,89%,205%,58 %,58%,,,,,yes
OrderStorm Inc,"Jul 28, 2025 12.57 PM",orderstorm.com,specializing in unified commerce solutions_. OrderStorm is a technology company orderstorm com Littleton olderstorm-inc-,51-200,Venture Capital,2008,,0.8,Series,Rockies Venture Club,"Mar 4, 2019",,,,,,,,,,,,,,yes
Oro Inc,"Jul 28, 2025 12.57 PM",oroinc.com,is eCommerce and CRM solutions. They offer _. software company specializing in oroinc com (USA) olo-inc-,51-200,Private Equity,2012,,25,,,"1901 Avenue of the Stars; Suite 1900; Los Angeles, California",15%,34%,44%,,,,,,,,,,,yes
Outbuild,"Jul 28, 2025 12.57 PM",outbuild.com,is specializes software company that construction scheduling and:_ San Francisco pl oplannerconstru__.,51-200,Venture Capital,2021,,14.8,Series,Bgv,"2021 Fillmore St; San Francisco, California 94115, US",9%,27%,84%,7%,,,,,,,,,,yes
Pando,"Jul 28, 2025 12.57 PM",pando.ai,is a technology company specializing in Al-powered supply chain management _ Chicago lirnited piindocorp-private - piindocorp-private-,201-500,Venture Capital,2018,,30,,,"220 N, Green St; Chicago, IL 60607, US",4%,-3%,3%,9%,7%,-24%,,,,,,,,yes
Parabola,"Jul 28, 2025 12.57 PM",parabola.io,~data automation and process management___ SaaS provider specializing San Francisco pilrabola-labs,11-50,Venture Capital,2017,,34.2,Series,Abstract,"San Francisco, CA, US",1%,17%,44%,54%,51%,58 %,100%,6 %,,,,,,yes
ParallelDots,"Jul 28, 2025 12.57 PM",paralleldots.com,specializing retail execution software_ ' technology company Seattle plralleldots,51-200,,2017,,6.5,,,"600 Stewart Street;; Suite 300 and 400; Seattle, Washington",0%,~0%,-0%,10%,34%,146%,234%,389%,,,,,,yes
paretos,"Jul 28, 2025 12.57 PM",paretos.com,in decision intelligence solutions. It offers AI__. Paretos technology company speciae lizing paretos com Heidelberg pilretosai,51-200,Private Equity,2020,,19.8,Series,Acton Capital,"Palo-Alto Platz 13; Heidelberg, Baden-Wurttemberg 69124,DE",3%,23%,52%,70%,431%,,,,,,,,,yes
Partful,"Jul 28, 2025 12.57 PM",partful.io,is a software company that specializes in providing 3D exploded parts catalogs and_ (UK) stimsonvt,11-50,Private Equity,2017,,14.6,,,"24 Lever Street; Third Floor; Manchester; England MI 1DZ, GB",4%,7%,10%,,,,,,,,,,,yes
Pbal (1tz) @T0ST04&,"Jul 28, 2025 12.57 PM",huimin.cn,chain management company that specialize._ PMER (Huimin) logistics and supply huimin cn Chaoyang; %e4%b8%ad%e5_,11-50,Private Equity,2013,,516.9,Series,China Renaissance #454,"QA6A,1L5, CN",75 %,1%,0%,-63%,-66 %,-50%,,,,,,,,yes
Pepper,"Jul 28, 2025 12.57 PM",usepepper.com,i provides Pepper is = provides eCommerce solutions for food__ eCommerce technology company that solutions for food . usepepper com fepepper epepper,11-50,Venture Capital,2019,,46,Series,Greylock,New York City; New York; US,1%,5%,60%,216%,216 %,309%,950%,888%,47%,,,,,yes
Petpooja,"Jul 28, 2025 12.57 PM",udaan.com,"Prayosha Food Services Private Limited is restaurant technology provider specializing petpooja com 1,001- 000 289 India Gujarat Ahmedabad putpooja-prayosha- fcod-service-pvt _",,,2011,,8.9,Series,Aroa Venture Partners,3rd Floor; Gopal Palace; Nehrunagar; Ahmedabad,11%,20%,34%,77%,160%,395%,596 %,,,,,,,yes
Physna,"Jul 28, 2025 12.57 PM",physna.com,specializes technology company that 3D geometric search and_. physna com Columbus pliysna-Ilc,51-200,Private Equity,2015,,,Series,GV (Google Ventures),"250 West St; Columbus, Ohio 43215, US",~9%,-28%,~37%,-37%,~42%,~56%,~31%,27%,774%,,,,,yes
Pico,"Jul 28, 2025 12.57 PM",picomes.com,MES is a technology solutions company that specializes in digital manufacturing_ picomes com San Francisco picomes,11-50,Venture Capital,2017,,16.1,Series,Congruent Ventures,"San Francisco, CA 94116, US",~3%,~31%,-31%,~15%,6 %,28%,77%,433%,134%,,,,,yes
Pietra,"Jul 28, 2025 12.57 PM",pietrastudio.com,is an e-commerce platform for entrepreneurs__ technology company that provides (USA) pietra-marketplace,11-50,Venture Capital,2019,,36,Series,Abstract,"New York, NY 11201,US",3%,8 %,8%,13%,~47%,265%,077%,960%,,,,,,yes
Pixibo,"Jul 28, 2025 12.57 PM",wearepixibo.com,is a technology company specializing in size and fit solutions for the fashion retail _ pixibo,11-50,Venture Capital,2016,,2.4,Series,Atlas Ventures,"Feb 23, 2021",,,,,,,,,,,,,,yes
plancraft,"Jul 28, 2025 12.57 PM",plancraft.de,cloud-based solutions for tradespeople and_. Plancraft is software company that provides plancraft de plancraft-software,51-200,Venture Capital,2020,,15.1,Series,BitStone Capital,"Flora-Neumann-StraBe 6; Hamburg; 20357, DE",18 %,42%,141%,235%,642%,055%,-94%,,,,,,,yes
Plandek,"Jul 28, 2025 12.57 PM",plandek.com,is specializes in providing engineering-_. software company that plandek com London plandek,11-50,Private Equity,2017,,,Series,YFM Equity Partners,"SEI OHS, GB",11%,19%,44%,63%,157%,206%,145%,-15%,,,,,,yes
Planet FWD,"Jul 28, 2025 12.57 PM",planetfwd.com,is a consulting firm specializing in decarbonization solutions for businesses in__. (USA) planet-fwd,11-50,Venture Capital,2019,,15.2,Series,Acre Venture Partners,"San Francisco, US",2%,-7%,7%,5%,40%,216 %,850%,-30%,,,,,,yes
PlanRadar,"Jul 28, 2025 12.57 PM",planradar.com,is a software company that provides digital platform for construction__. planradar,201-500,Private Equity,2013,,103.1,,,"Wien, Wien 1010, AT",1%,4%,35%,155%,373%,2%,,,,,,,,yes
PlatformE,"Jul 28, 2025 12.57 PM",platforme.com,"that offers the RIPE SDK, enabling business. Platforme software development company platforme - international",11-50,Venture Capital,2016,,16.6,Series,nla,"Rua Sa da Bandeira; 605; Porto, Porto 4000-437, PT",~5%,5%,~15%,-15%,4%,11%,31%,,,,,,,yes
Plecto Latinoamerica,"Jul 28, 2025 12.57 PM",plecto.com,performance management solutions through Plecto software company that provides Guatemala Guatemala Guatemala City plecto-latin-america,1-10,Venture Capital,2012,,1.5,Series,Nordic Eye Venture,"Jun 27, 2019",-44%,,,,,,,,,,,,,yes
Polestar Analytics,"Jul 28, 2025 12.57 PM",polestarllp.com,Polestar Solutions specializing in Al and analytics solutions consulting firm tor . polestarllp com Dallas polestarsolutions__,"501-1,000",Venture Capital,2012,,2022,Series,nla,"4131 NCX; Suite 900; Dallas, Texas 75204,US",-23%,,,,,,,,,,,,,yes
Praktis,"Jul 28, 2025 12.57 PM",praktis.co,is a supply chain solutions provider that specializes in manufacturing and logisti__ plakasa-triputra - stilusi,201-500,Venture Capital,2017,,20,Series,East Ventures,"Jakarta, ID",8 %,-10%,1%,9%,165%,600%,400%,19%,,,,,,yes
Prewave,"Jul 28, 2025 12.57 PM",prewave.com,~company that offers solutions for risk__ supply chain management prewave com plewave,201-500,Venture Capital,2017,,98.1,Series,Creandum,"Rothschildplatz 4; 3rd Floor; Vienna, 1020 , AT",33%,7%,26%,119%,438%,085 %,533%,72%,,,,,,yes
Pricemoov,"Jul 28, 2025 12.57 PM",pricemoov.com,offers solutions for price management __ Pricemoov is pricing software provider that pricemoov com plicemoov,51-200,Venture Capital,2016,,,Series,Bpifrance,"37 Avenue Trudaine; Paris, France 75009, FR",~6%,-21%,~48%,~69%,~72%,~46%,~34%,23%,,,,,,yes
Printerous,"Jul 28, 2025 12.57 PM",printerous.com,specializing in print and packaging solutions_. BZB e-procurement platform printerous com plinterous,51-200,Venture Capital,2015,,,Series,AddVentures by SCG,"Raya Kebayoran Lama No.333 A-B, Kebayoran Lama_",-10%,-18 %,-23%,~43%,~66%,~70%,68 %,,,,,,,yes
Proggio,"Jul 28, 2025 12.57 PM",proggio.com,is provider that offers project management software comprehensive platfor _ ploggio,11-50,Venture Capital,2015,,,Series,2.0 Ventures,"13 Hataas St;; Kfar Saba, Hasharon Distinct, IL",-11%,-15%,-31%,31%,-27%,10%,88 %,19%,,,,,,yes
ProjectManager,"Jul 28, 2025 12.57 PM",zeusmanagement.com,F ~softwa provider that offers project management comprehensi._ projectmanager:com Austin plojectmanager-com,11-50,Venture Capital,2008,,3.5,Series,zeusmanagement com,"3420 Executive Center Drive; Austin, Texas 78731,US",3%,11%,26%,40%,76%,-12%,,,,,,,,yes
Prokeep,"Jul 28, 2025 12.57 PM",prokeep.com,that provides communication solutions for. customer engagement platform prokeep com New Orleans plokeep,51-200,Venture Capital,2016,,34,Series,bensoncpcom,"New Orleans, LA 70115, US",6 %,~8%,-8 %,2%,14%,80%,152%,304%,-4%,,,,,yes
Proton.ai,"Jul 28, 2025 12.57 PM",proton.ai,Proton providing Al-powered CRM and sales providing Al-powered CRM and sales: software company that specializes Cambridge ploton-ai,11-50,Venture Capital,2018,,20,Series,Abstract,"160 Alewife Brook Pkwy; #1147; Cambridge, Massachusetts",6 %,12%,34%,44%,72%,313%,8 %,,,,,,,yes
Proximity,"Jul 28, 2025 12.57 PM",proximityinsight.com,"JJul 28, 2025 12.57 PM Proximity is specializing in clienteling solutions for retail_ specializing in clienteling solutions for retail__ retail technology provider 'retail technology provider proximityinsight com (UK) ploximity-insight",11-50,Venture Capital,2018,,7.2,Series,Gresham House,"Runway East, 52 Tabernacle Street; London, England ECZ A4NJ",-7%,~7%,-9%,~9%,9%,-13%,~20%,7%,44%,-6%,,,,yes
PT Esensi Solusi Buana (ESB),"Jul 28, 2025 12.57 PM",esb.id,Esensi Solusi Buana that specializes in providing cloud-based _ technology company pI-esensi-solusi - buana,201-500,Private Equity,2018,,39.6,Series,Alpha JWC Ventures,Tangerang; ID,3%,7%,-1%,1%,-12%,58 %,290%,5%,,,,,,yes
QueueBuster POS,"Jul 28, 2025 12.57 PM",queuebuster.co,offers QueueBuster is a technology company that comprehensive point-of-sale (POS)__ queuebuster co queuebuster-co,51-200,Venture Capital,2015,,,Series,Chiratae Ventures,"Noida, Uttar Pradesh 201307, IN",41%,-0%,0%,6 %,11%,,,,,,,,,yes
Quincus,"Jul 28, 2025 12.57 PM",quincus.com,specializes Quincus is logistics technology provider that Al-driven solutions supply__ quincus com lincus,201-500,Venture Capital,2014,,34,Series,nla,"068914, SG",~7%,-16%,-24%,~38%,~50%,-12%,47%,~84%,,,,,,yes
Rebuy Engine,"Jul 28, 2025 12.57 PM",rebuyengine.com,Rebuy specializing white-collar service company ecommerce personalization __. rebuyengine,51-200,Venture Capital,2017,,21.4,Series,Dynamism Capital,"Distributed, US",0%,1%,2%,16%,134%,120%,000%,-13%,,,,,,yes
Recurrency,"Jul 28, 2025 12.57 PM",recurrency.com,specializes ERP automation solutions for__ software company that San Francisco recurrency-ai,51-200,Venture Capital,2018,,22.1,Series,9Yards Capital,"San Francisco, California 94114,US",16 %,19%,61%,51%,35%,212%,16%,,,,,,,yes
Regrello,"Jul 28, 2025 12.57 PM",regrello.com,is = supply chain and operations management__. software company special lizing San Francisco regrello,11-50,Private Equity,2021,,25.2,,,"San Francisco, CA, US",8 %,15%,64%,119%,338%,94%,,,,,,,,yes
REM People,"Jul 28, 2025 12.57 PM",rempeople.com,is Rem People is a retail analytics company based in Istanbul and__ retail technology and technology and rempeople com Turkey istanbul Istanbul rem-people,201-500,,2014,,25,Series,Series A=,"Now Plaza K:6 D.55; Istanbul, Sisli 34394, TR",3%,8 %,-8%,-8 %,6%,6 %,55%,77%,196%,196 %,,,,yes
Remarcable,"Jul 28, 2025 12.57 PM",remarcable.com,JJul 28 2025 12.57 PM that offers services in procurement; tool__. that offers services business solutions provider procurement; tool_. remarcable com remarcable_ Lcom Cleveland remarcable,51-200,Private Equity,2018,,2025,Series,Insight Partners,"Cleveland Area; Cleveland, Ohio, US",26%,51%,82%,194%,562%,550%,,,,,,,,yes
Replenium,"Jul 28, 2025 12.57 PM",replenium.com,specializing in Replenium Inc. is a technology provider commerce solutions: They_. replenium com (USA) replenium,51-200,,2015,,,Series,Glp,"568 Ist Ave S; Seattle, Washington 98104, US",8%,-21%,21%,~21%,45%,~54%,-56 %,-35%,-18 %,,,,,yes
Replica,"Jul 28, 2025 12.57 PM",replicahq.com,is provides tools and datasets for transportatio__ data analytics company that replicahq com Leawood replicacities,51-200,Venture Capital,2019,,,Series,Firebrand Ventures,"3610 W 95th Street; Leawood, KS 66206, US",41%,1%,-1%,-8%,-8 %,-21%,-41%,-10%,88 %,-17%,,,,yes
Rewaa,"Jul 28, 2025 12.57 PM",rewaatech.com,ely is a technology company specializing in retail management software solutions It_ rewaatech com Saudi Arabia Riyadh Riyadh rewaa-company,201-500,Venture Capital,2018,,27.8,Series,Derayah Venture Capital,"Anas Bin Malek Road; Al Malqa, Riyadh 11564, SA",-5%,~7%,7%,15%,98%,295%,058%,059%,2%,,,,,yes
Rhim Ewrrtra&,"Jul 28, 2025 12.57 PM",kuaidi1oo.com,specializes in e-commerce solutions. The_ Kuaidi1oo logistics service provider that %e6%b7%b1%e5_,,Venture Capital,2015,,5.8,Series,nla,"#TR4J); Rtim,r$A 518000,CN",20%,-40%,100%,~21%,,,,,,,,,,yes
RRR-1*04405#+8,"Jul 28, 2025 12.57 PM",aikucun.com,Mengxiang Technology platform that provides intelligent distribution__. ~commerce aikucun com % e79/88%b1%e5_ % e5985%a8%e7_,"1,001-5,000",Venture Capital,2014,,212.5,Series,GGV Capital,"Oct 25, 2018",35%,,,,,,,,,,,,,yes
Rundoo,"Jul 28, 2025 12.57 PM",getrundoo.com,is point-of-sale solutions tailored for paint and_ software company that provides getrundoo com Redwood City rndoo,11-50,Venture Capital,2021,,,Series,Bessemer Venture Partners,"94063, US",15%,22%,144%,193%,340%,100%,41%,,,,,,,yes
Safesite,"Jul 28, 2025 12.57 PM",safesitehq.com,is a safety management software provider that offers a comprehensive platfor__ safesitehq com (USA) saifesite,11-50,Venture Capital,2014,,58.1,,,"1169 Howard St; San Francisco, California, US",12%,4%,-11%,~34%,53%,187%,25%,,,,,,,yes
Sales Layer,"Jul 28, 2025 12.57 PM",saleslayer.com,= specializes in Product Information. software company that saleslayer com Valencia ~seiles-layer,51-200,Venture Capital,2013,,30.4,Series,PeakSpan Capita,Luz; Planta 82; Valencia,2%,4%,16 %,12%,76%,185 %,-26%,,,,,,,yes
Saltmine,"Jul 28, 2025 12.57 PM",saltmine.com,"is - that integrates data, people, and processes workplace optimization platform San Francisco Itmine]",51-200,Venture Capital,2016,,,Series,Rigel Capital Management,"601 California St; San Francisco, California 94108, US",3%,10%,,,,,,,,,,,,yes
Schittflix,"Jul 28, 2025 12.57 PM",schuettflix.de,"Schuttflix is connects construction companies, material_. digital logistics platform that schuettflix de Monchenglad _ sc huettflix",51-200,Venture Capital,2018,,116.8,Series,DEVK Versicherungen,"Aug 22, 2023",,,,,,,,,,,,,,yes
Scurri,"Jul 28, 2025 12.57 PM",hellodone.ai,is a delivery management software Scurri is provider that offers solutions Iike Scurri__. provider that offers solutions like Scurri _. delivery management software ~scurri com scurri com Wexford scurri ~scurri,51-200,Venture Capital,2010,,18.5,Series,Act Venture Capital,"Common Quay Street; Wexford, IE",~1%,~4%,-4%,4%,-1%,25%,42%,76%,76 %,33%,,,,yes
SELLinALL,"Jul 28, 2025 12.57 PM",graas.ai,Graas specializing in eCommerce analytics: data solutions company offer _. graas ai ~seiIl-in-all,201-500,Private Equity,2015,,40,Series,ajcapital com,"ebar Rd; Az@payalebar; Singapore, 409015",-14%,-28%,336%,~82%,-73%,~59%,68%,,,,,,,yes
Sendcloud,"Jul 28, 2025 12.57 PM",sendcloud.com,that offers solutions shipping software provider fol e-commerce sendcloud com seindcloud,201-500,Private Equity,2012,,200.9,Series,HPE Growth,"Stadhuisplein 10; Eindhoven, North Brabant 5611 EM, NL",10%,9%,7%,12%,50%,142%,-8 %,,,,,,,yes
SENRTJRRA,"Jul 28, 2025 12.57 PM",xtimes-da.com,"SnENiTJiA] ~company that spech iallzes ' EDA software providing e8%8a""af%e8_",51-200,Venture Capital,2020,,15.8,,,"'tT6e; [95, CN",3%,-10%,,,,,,,,,,,,yes
Sera Systems,"Jul 28, 2025 12.57 PM",sera.tech,Inc is a software company that provides field service management solution_ (USA) ~serviceshiftsoftware,11-50,Venture Capital,2018,,11.7,,,"923 Minters Chapel Rd; Suite 200; Grapevine, Texas 76051, US",421%,-28%,-10%,2%,135%,-26%,,,,,,,,yes
Shipper,"Jul 28, 2025 12.57 PM",mansyur.no,is a logistics company that provides integrated ~commerce solutions shipperid shipper-indonesia,"1,001-5,000",Venture Capital,2017,,131.9,Series,bossa invest,"JI KH: Mas Mansyur No.15, RT.IOIRW.II, Kuningan, Karet",-2%,-8%,-14%,-17%,-13%,62%,454%,39%,,,,,,yes
Shippit,"Jul 28, 2025 12.57 PM",premonition.io,i provides multi-carrier shipping software and_ logistics technology company that shippit com shippit,51-200,Venture Capital,2014,,79.4,Series,Perennial Partners,"4-6 Bligh Street; Level 2; Sydney; New South Wales 2000, AU",4%,3%,~2%,2%,-15%,~7%,21%,117%,-6 %,,,,,yes
ShippyPro,"Jul 28, 2025 12.57 PM",shippypro.com,is a shipping software provider that offers solutions for commerce businesses . shippypro com shippypro,51-200,Venture Capital,2016,,20,Series,Five Elms Capital,"Via delle Cascine, 35; Florence, Tuscany 50144, IT",-4%,-8%,4%,-14%,1%,64%,245%,6%,,,,,,yes
Shipwell,"Jul 28, 2025 12.57 PM",shipwell.com,is a specializing in transportation management _ Shipwell is a logistics technology provider specializing in transportation management_. logistics technology provider shipwell com Austin lipwell hipwell,51-200,Venture Capital,2016,,35,,,"515 Congress Ave; Suite 2850; Austin, Texas 78701, US",4%,6%,6 %,38%,-40%,-33%,-10%,~48%,-48%,,,,,yes
shipzero,"Jul 28, 2025 12.57 PM",shipzero.com,specializing in emissions management _ Shipzero is a technology company aupanion,51-200,Venture Capital,2018,,8.7,Series,ETF Partners,"Hamburg, 20457, DE",-3%,8 %,39%,113%,~73%,,,,,,,,,yes
Shop Circle,"Jul 28, 2025 12.57 PM",shopcircle.co,is e-commerce software solutions: ecommerce software solutions SaaS company specializing in It offers = offers a . London stiop-circle shiop-circle,201-500,Private Equity,2021,,245,Series,645 Ventures,"London, GB",4%,6 %,6%,32%,310%,505%,000%,,,,,,,yes
SideChef,"Jul 28, 2025 12.57 PM",sidechef.com,"is comprehensive range of recipes, meal__ cooking platform that offers a sidechef com (USA) si Jechef",51-200,Venture Capital,2013,,,,,"3413 Mira Vista Circle; San Jose, CA 95132, US",11%,8%,8 %,-3%,-19%,-24%,-9%,0%,,,,,,yes
Simbe,"Jul 28, 2025 12.57 PM",simberobotics.com,specializing in retail solutions. They offer _ Simbe Robotics technology company simberobotics com South San Francisco si nbe-robotics-inc,51-200,Private Equity,2014,,104,Series,eclipse capital,"385 Oyster Point Blvd; STE #2; South San Francisco, California",21%,51%,89%,167%,145%,152%,193%,5%,,,,,,yes
SimpliRoute,"Jul 28, 2025 12.57 PM",simpliroute.com,that specializes in route optimization and fle. logistics software provider Chile Santiago Providencia si nplit-solutions,51-200,Venture Capital,2014,,11.2,Series,nla,"Metropolitana de Santiago 7510021, CL",3%,-4%,4%,-13%,8%,-27%,30%,127%,,,,,,yes
Sindabad com,"Jul 28, 2025 12.57 PM",sindabad.com,Sindabadcom Ltd. that offers Sindabad com Ltd. is a wide range of products includin_. wide range an e-commerce commerce platform products includin_. platform sindabad com Bangladesh Dhaka Dhaka ndabad-com Idabad-com,"501-1,000",Venture Capital,2016,,8.3,Series,Aavishkaar Capital,Khilkhet; Dhaka 1229; Dhaka,41%,~1%,-1%,1%,-0%,-12%,27%,60%,-4%,4%,,,,yes
Skydropx LATAM,"Jul 28, 2025 12.57 PM",skydropx.com,Skydropx is specializes automating shipping processe: logistics software provider that skydropx com s: kydropx,201-500,Venture Capital,2014,,2022,Series,Angel Hub Ventures,"Padre Raymundo Jardo 925; Monterrey, Nuevo Leon 64000,MX",2%,3%,9%,20%,0%,30%,,,,,,,,yes
Smacc,"Jul 28, 2025 12.57 PM",smacc.com,is a software company that specializes in providing enterprise resource__ smacc com Saudi Arabia Riyadh Riyadh srnaccsoftware,51-200,Venture Capital,1980,,,Series,nja,"Eastern Ring Road, Exit 14, Al Riyan Area Riyadh, Saudi Arabia",23%,94%,117%,105%,516 %,750%,-18%,,,,,,,yes
Smart Fabric,"Jul 28, 2025 12.57 PM",hsgcap.com,manufacturing and software solutions__ ##EMU)RTTJIRA :] is a textile sfabric com 501- 000 China Guangdong Shenzhen ~srart-fabric,,Venture Capital,2014,,560,,,Nanshan district Science and Technology Park; Shenzhen; CN,6%,~5%,5%,6 %,14%,33%,433%,,,,,,,yes
Smartwyre,"Jul 28, 2025 12.57 PM",smartwyre.com,is an agricultural technology company that provides software solutions smartwyre com Denver srnartwyre,51-200,Venture Capital,2018,,13.5,Series,Anterra Capital,"2301 Blake St; Denver; Colorado 80205, US",-4%,-5%,3%,27%,97%,232%,361%,7%,,,,,,yes
SourceDay,"Jul 28, 2025 12.57 PM",sourceday.com,company that offers software solutions for__ supply chain management sourceday com Austin sciurceday-com,51-200,Venture Capital,2013,,57.6,Series,Deep Tech Fund (an Alumn,"9737 Great Hills Trail; Suite 10O; Austin; Texas 78759,US",-12%,-17%,-20%,-35%,-33%,2%,4%,-23%,,,,,,yes
SpaceFill,"Jul 28, 2025 12.57 PM",spacefill.fr,is a logistics technology provider that offers 3PL management platform__ spacefill fr,51-200,Private Equity,2018,,23.2,Series,Bonsai Partners,"Mar 15, 2022",~4%,,,,,,,,,,,,,yes
Spotio,"Jul 28, 2025 12.57 PM",spotio.com,"28, 2025 12.57 PM SPOTIO offers solutions SPOTIO is a field sales software provider that field sales software provider that ~enhance sales productivit__. enhance sales productivit__. Addison spiotio Load",51-200,Venture Capital,2014,,4.5,Series,Ballast Point Ventures,"5057 Keller Springs Rd; Suite 325; Addison, Texas 75001, US",4%,13%,8 %,24%,67%,86 %,-21%,,,,,,,yes
Sprig,"Jul 28, 2025 12.57 PM",sprig.com,in product experience management software company that - specializes ofters _. sprig com San Francisco uxierleap,51-200,Venture Capital,2019,,2022,Series,Accel,"71 Stevenson St; San Francisco, California 94105, US",2%,208%,232%,276%,146%,333%,,,,,,,,yes
Stable,"Jul 28, 2025 12.57 PM",stableprice.com,is specializes specializes in supply chain solutions for_. risk management company that supply chain solutions for_. stableprice com Bermuda Pembroke Hamilton stableprice,51-200,Venture Capital,2017,,112.5,Series,Acrew Capital,"26 Victoria Street; Hamilton, Bermuda HM 12, BM",38%,38 %,-6 %,6 %,,,,,,,,,,yes
Staffinc Group,"Jul 28, 2025 12.57 PM",staffinc.co,Staffinc specializes in labor supply ad HR services_ an outsourcing company that staffinc co staffinc-group,51-200,Venture Capital,2018,,3.9,Series,Access Ventures,"Tower; JI H.R Rasuna Said No.13, RT.ZIRW.2, Kuningan",12%,28%,92%,166 %,,,,,,,,,,yes
Stonly,"Jul 28, 2025 12.57 PM",stonly.com,"is a software company that specializes in customer service solutions, offering_. stonly",51-200,Venture Capital,2018,,25.5,,,"Paris, 92300, FR",3%,4%,~5%,5%,-19%,103%,293%,-33%,,,,,,yes
Survicate,"Jul 28, 2025 12.57 PM",survicate.com,is offers tools for collecting and analyzing__. survey software provider that ~suirvicate,51-200,Private Equity,2013,,3.5,Series,Airbridge Equity Partners,"ulica Przyrynek 14; Warsaw; MA 00-219, PL",5%,7%,3%,33%,115%,100%,~4%,,,,,,,yes
Syrup Tech,"Jul 28, 2025 12.57 PM",syrup.tech,"specializing in Al-driven inventory_ technology company ""rup-tech",11-50,Venture Capital,2020,,25.1,Series,1984 Ventures,"52 Mercer Street; New York; NY 10013, US",-2%,~9%,-9%,71%,220%,700%,-53%,,,,,,,yes
Tailor,"Jul 28, 2025 12.57 PM",tailor.tech,that specializes Tailor is . software development company customizable ERP _ tailor tech San Francisco tailortech,11-50,Private Equity,2021,,26.3,Series,Anri,"San Francisco, CA, US",7%,42%,166 %,540%,466 %,-19%,,,,,,,,yes
Tajir,"Jul 28, 2025 12.57 PM",aavcf.com,provides an online platform for independent_ provides an online platform for independent_. Tajir is a retail distribution company that tajirapp tajir app Pakistan Punjab Lahore tajir-app,11-50,Venture Capital,2018,,18.9,Series,aavcf.com,"Gulberg; Lahore, Punjab 54000,PK",1%,~6%,~6 %,6%,6 %,~2%,2%,47%,346%,506 %,506%,,,yes
TallOrder Solutions,"Jul 28, 2025 12.57 PM",tallorderpos.com,Pty (Ltd) is TallOrder Solutions Pty (Ltd) is a company that provides point of sale solutions tailored fort__. provides point of sale solutions tailored fort_. company that tallorderpos com South Africa Western Cape Paarl cloudonemobi,11-50,,2010,,,Series,Series /=,"8005, ZA",2%,15%,27%,48%,,,,,,,,,,yes
Taxdoo,"Jul 28, 2025 12.57 PM",taxdoo.com,software provider that specializes tay consulting = and accounting VAT _ xdoo,51-200,Venture Capital,2016,,86,Series,Accel,"Alter Wandrahm 13; Hamburg, HH 20457, DE",4%,-10%,-11%,-16 %,~39%,34%,500%,24%,,,,,,yes
Tezign #J24,"Jul 28, 2025 12.57 PM",tezign.com,Tezign is a digital marketing agency specializing in content creation and _ tezign com tezign %e7%/89%b9%e8...,201-500,Private Equity,2015,,51.1,,,"""IAKES+Owework; 412; Eam, Eivm 200000, CN",~3%,3%,5%,-12%,-7%,49%,53%,,,,,,,yes
Threecolts,"Jul 28, 2025 12.57 PM",threecolts.com,ecommerce solutions for retail vendors an__. software company specializing threecolts com London threecolts,"501-1,000",Venture Capital,2021,,90.7,Series,coventure.Vc,"London, GB",10%,33%,124%,248%,657%,000%,431%,,,,,,,yes
Threekit Visual Commerce,"Jul 28, 2025 12.57 PM",threekit.com,specializing in 3D product configuration and_ Threekit is visual commerce company threekit com Chicago threekit,51-200,Venture Capital,2018,,2021,Series,Isai,"Wacker Dr; Chicago, Illinois 60606,US",2 %,5%,2%,~31%,-17%,16 %,-29%,,,,,,,yes
Tiled,"Jul 28, 2025 12.57 PM",tiled.co,is an interactive content platform that enables businesses to create engaging sale _ (USA) Diego tiled,51-200,Private Equity,2016,,17.5,,,"11848 Bernardo Plaza Ct; Ste 110; San Diego, California 92128",6 %,3%,-16%,-43%,44%,-22%,~34%,,,,,,,yes
Tinvio,"Jul 28, 2025 12.57 PM",tinvio.com,reimagines how merchants and suppliers__ Tinvio ] BZB payment platform that tinivio,51-200,Venture Capital,2019,,18.5,Series,AppWorks,"Singapore, SG",3%,1%,-7%,~25%,-65%,6 %,246%,,,,,,,yes
Tjek,"Jul 28, 2025 12.57 PM",tjek.com,is a digital marketing agency that specializes in providing automated digital__. tjek com ~tjuk,11-50,Venture Capital,2009,,,,,"Copenhagen, DK",~1%,-18%,25%,38%,51%,-49%,,,,,,,,yes
Toucan,"Jul 28, 2025 12.57 PM",toucantoco.com,company that provides solutions for data__. company that provides solutions Toucan Toco is Toco data analytics software for data. toucantoco com Boston toucan-toco,51-200,Venture Capital,2015,,13.2,Series,Balderton Capital,"75 State St; Boston, Massachusetts 02109, US",1%,43%,~3%,3%,-6%,6%,6 %,~20%,-40%,~37%,-13%,,,yes
Tradlinx,"Jul 28, 2025 12.57 PM",tradlinx.com,"is a offers the Zimgo service, logistics software provider that cloud-based__. tradlinx com S.A.R Hong Kong Hong Kong Island Tamar Park tr adlinxcorp",51-200,Venture Capital,2015,,9.5,,,"WEST SAI; YING PUN; HONG KONG, HK",6 %,9%,7%,45%,314%,-14%,,,,,,,,yes
TranZact,"Jul 28, 2025 12.57 PM",letstranzact.com,cloud-based inventory management solutio _. cloud-based inventory management solutio __ TranZact is : TranZact is software company that provides letstranzact com letstranzact,11-50,Venture Capital,2017,,,Series,axiomatic co.in,"MIDC , Andheri East; Mumbai, Maharashtra 400096, IN",-1%,41%,43%,-3%,3%,1%,2%,162%,288 %,288%,234%,,,yes
TrusTrace,"Jul 28, 2025 12.57 PM",trustrace.com,software provider that specializes supply chain traceability solutio trustrace com tr istrace,51-200,Private Equity,2016,,31.6,Series,Circularity Capital,"Central Stockholm; Stockholm, SE",3%,5%,17%,52%,76%,173%,464%,-19%,,,,,,yes
Ttez (New Core Tech),"Jul 28, 2025 12.57 PM",xinheyun.com,"Shanghai Niuku Information Technology Ltd. is a technology solutions provider __ Co,, xinheyun",51-200,Venture Capital,2014,,54.2,Series,Cowin Venture Capital,"QWA_61078; Exm, :wm 200000, CN",9%,43%,91%,187%,,,,,,,,,,yes
Ugaoo,"Jul 28, 2025 12.57 PM",ugaoo.com,"is an online plant store specializing in a wide range of gardening products, including_. uilaoo",51-200,Venture Capital,2015,,5.6,Series,DSG Consumer Partners,"Maharashtra 411045, IN",5%,10%,31%,96%,286%,600%,818%,,,,,,,yes
Unikt larande,"Jul 28, 2025 12.57 PM",unikum.net,Unlkum ' that offers - is an educational technology provider comprehensive platform for . unikum net uulikum---net-ab,11-50,Venture Capital,2005,,40,Series,Jce,"Hammarby Kaj 14; 4; Stockholm, Stockholms Ian 12030, SE",-2%,29%,37%,,,,,,,,,,,yes
UserVoice,"Jul 28, 2025 12.57 PM",uservoice.com,is a software company that specializes in product feedback manageme uservoice com Raleigh uxiervoice,11-50,Venture Capital,2008,,9.6,Series,nia,"234 Fayetteville St; 3rd Floor; Raleigh, NC 27601,US",2%,-13%,~27%,-32%,,,,,,,,,,yes
VARStreet Inc.,"Jul 28, 2025 12.57 PM",varstreetinc.com,VARStreet Inc: is a business management software provider that offers an all-in-one_ varstreetinc com Viirstreet,51-200,Venture Capital,1999,,13.2,,,"01803, US",~2%,-3%,3%,10%,28%,30%,54%,~22%,,,,,,yes
Verity,"Jul 28, 2025 12.57 PM",verity.net,is automated inventory management solutions__ technology company specializing in verity net verity-studios,51-200,Venture Capital,2014,,,,,"Binzmiihlestrasse 81; Zurich, CH",4%,5%,~10%,10%,37%,85%,187%,43%,,,,,,yes
Vertuoza,"Jul 28, 2025 12.57 PM",vertuoza.com,software provider that offers construction management comprehensi_. vertuoza com Veirtuoza,51-200,Venture Capital,2020,,11.9,Series,Fortino Capital,"16 Rue Louis Braille; Nivelles, 1400, BE",2%,11%,33%,48%,189%,723%,250%,-13%,,,,,,yes
Vesper,"Jul 28, 2025 12.57 PM",vespertool.com,that provides businesses with real-time. Vesper i commodity intelligence platform vespertool com vespertool,51-200,Venture Capital,2018,,5.8,Series,Keen Venture Partners,"Vijzelstraat 79; Amsterdam, Noord Holland 1017HG, NL",0%,3%,11%,38 %,39%,286 %,792%,,,,,,,yes
Vinculum Group,"Jul 28, 2025 12.57 PM",vinculumgroup.com,specializing Vinculum Group is omnichannel retail technolog-- SaaS provider Iculumgroup,201-500,Venture Capital,2007,,,Series,Accel,"Sector 62; Noida, Uttar Prades __",~0%,~2%,2%,~6%,6 %,7%,8 %,12%,~24%,,,,,yes
Vitally,"Jul 28, 2025 12.57 PM",vitally.io,is provides businesses with tools Customer Success atform that enhance. vitally io Brooklyn vitally. io,51-200,Venture Capital,2017,,39.3,Series,HubSpot,"Brooklyn, NY 11249, US",18 %,14%,16 %,23%,146%,728%,954%,12%,,,,,,yes
Voxware,"Jul 28, 2025 12.57 PM",voyiare.com,specializing a technology solutions provider voice automation and__ Voyiare com Hamilton Township Vaiyware,51-200,,1993,,7.8,Series,nla,"3705 Quakerbridge Road; Suite 210; Hamilton, NJ 08619,US",2%,-24%,-26%,,,,,,,,,,,yes
Voze,"Jul 28, 2025 12.57 PM",voze.com,offers innovative solutions for field sales: Voze is sales technology company that voze com Draper urievoze,51-200,Venture Capital,2022,,,,,"344 W 13800 S; Suite #550; Draper; Utah 84020, US",5%,19%,167%,368 %,,,,,,,,,,yes
Waitwhile,"Jul 28, 2025 12.57 PM",waitwhile.com,is a technology company that provides customer flow management__ San Francisco waitwhile,11-50,Venture Capital,2017,,12,Series,Crv,"548 Market St; San Francisco, California 94104,US",5%,8%,8 %,15%,15 %,2%,-11%,123%,166%,-19%,,,,yes
Wakeo,"Jul 28, 2025 12.57 PM",wakeo.co,specializing in supply chain visibility solutio_. logistics technology provider wakeo,51-200,Venture Capital,2016,,32.7,Series,360 Capital,"Rue Auber; Paris, ile-de-France 75009,FR",~4%,4%,9%,25%,51%,195%,300%,,,,,,,yes
Wandelbots,"Jul 28, 2025 12.57 PM",wandelbots.com,that specializes in robotics software company providing innovative: wandelbots com wandelbots,51-200,Private Equity,2017,,122.2,Series,83north,"RayskistraBe 25; Dresden, Saxony 01219, DE",0%,3%,9%,-21%,-17%,13%,88 %,~52%,,,,,,yes
"Webgility, Inc","Jul 28, 2025 12.57 PM",webgility.com,Webgility is that specializes in ecommerce automation &. white-collar service company webgility com Scottsdale webgility-inc-,51-200,Corporate,2007,,8.9,,,"6991 E Camelback Rd; D2O4; Scottsdale, Arizona 85251,US",10%,,,,,,,,,,,,,yes
Webshippy,"Jul 28, 2025 12.57 PM",webshippy.com,i specializes fulfillment and dropshipping__ logistics company that webshippy com Hungary ebshippy,51-200,Venture Capital,2016,,,Series,Day One Capital,"East Gate Business Park; C/2;; Fot; 2151, HU",~9%,-7%,-28%,~53%,2%,85%,,,,,,,,yes
Whimsical,"Jul 28, 2025 12.57 PM",whimsical.com,"is provides digital tools for product teams, software company that whimsical com Denver whimsical",11-50,Venture Capital,2017,,30,Series,Accel,"Denver; Colorado, US",~4%,2%,2 %,-2%,~25%,17%,122%,344%,-19%,,,,,yes
Workpath,"Jul 28, 2025 12.57 PM",workpath.com,is a business solutions provider specializing in strategy execution and__ workpath com workpathhq,51-200,Venture Capital,2017,,12.4,Series,Capnamic,"RidlerstraBe 39; Munich, Bavaria 80339,DE",2%,~2%,~20%,-20%,56%,-68 %,-22%,46%,8 %,,,,,yes
Worldia,"Jul 28, 2025 12.57 PM",worldia.com,offers platform for travel distributors to. platform for travel distributors to._ 'travel technology provider that travel technology provider that worldia com worldia,51-200,Venture Capital,2012,,44,Series,Banque des Territoires,"lanche; Paris, ile-de-France 75009, FR",0%,3%,22%,69%,149%,183%,1%,,,,,,,yes
Worldly,"Jul 28, 2025 12.57 PM",worldly.io,is a sustainability consulting company that provides tools and insights for brands__. (USA) Ig-co,51-200,Private Equity,2019,,64,,,"Concord, California, US",3%,15%,12%,22%,85 %,,,,,,,,,yes
YottaMark,"Jul 28, 2025 12.57 PM",yottamark.com,"iFoodDS is a software company specializing in food safety, traceability, and quality __ food safety, traceability, ad quality_ yottamarkcom yottamark com Redwood City ycittamark",51-200,Private Equity,2005,,45.1,Series,Series D,"1400 Bridge Parkway; Suite 101; Redwood City; CA 94065, US",-12%,12%,,,,,,,,,,,,yes
Zencargo,"Jul 28, 2025 12.57 PM",zencargo.com,is a logistics company specializing in digital freight forwarding and supply chain. London zencargo,201-500,Venture Capital,2017,,25,Series,HV Capital,"London, GB",0%,1%,-4%,4%,23%,48%,-22%,40%,13%,,,,,yes
Zero Gravity Ventures Ltd.,"Jul 28, 2025 12.57 PM",sindabad.com,Sindabad com Ltd. is a that offers wide range of products includin_. commerce platform zerogravity combd Bangladesh Dhaka Dhaka zero-gravity- ventures,201-500,Venture Capital,2015,,,Series,frontierfundbd com,"Road 7, Block G; House 43; Dhaka, Dhaka 1213, BD",~2%,-5%,5%,-7%,-12%,~22%,30%,-44%,,,,,,yes
Zeroboard,"Jul 28, 2025 12.57 PM",zeroboard.jp,Inc. and software solutions provider that: sustainability consulting zeroboard jp #roboard,51-200,Venture Capital,2021,,17.9,Series,Coral Capital,"=0=TAS-27; RTMa=@vt> Eilpi1on; @E, RrT",-5%,-2%,6 %,57%,,,,,,,,,,yes
zeroheight,"Jul 28, 2025 12.57 PM",zeroheight.com,is a design system management platform that provides tools for design and__ zeroheight com e United Kingdom (UK) England London zero-height,11-50,Venture Capital,2015,,11.2,Series,Adobe,"London, England, GB",1%,188%,733%,17%,,,,,,,,,,yes
Zthonline,"Jul 28, 2025 12.57 PM",zthonline.com,"7thonline, Inc. is a SaaS provider specializing Zthonline, Inc. in demand planning and inventory _. demand planning and SaaS provider inventorv_. 'specializing 7thonline.com 201-500 Zihonline",,Private Equity,1999,,23,Series,Chazen Capital Partners,"New York, NY 10018, US",8%,4%,~7%,-7%,-10%,-23%,~36%,-36%,~0%,0%,,,,yes
Zubale,"Jul 28, 2025 12.57 PM",zubale.com,is a technology company specializing in e-commerce solutions. It offers software_ zubale com zlibale,"501-1,000",Venture Capital,2018,,119,Series,nla,"Mexico City, MX",6%,14%,34%,55%,152%,692%,551%,19%,,,,,,yes
Zuum App,"Jul 28, 2025 12.57 PM",zuumapp.com,Zuum Transportation Inc. software provider that offers logistics comprehensi . Irvine zlum-app,51-200,Corporate,2016,,38.6,Series,Capital Partners Private We,"18100 Von Karman Ave; Ste 10O; Irvine, California 92612, US",-18 %,~27%,-27%,~34%,34%,-28%,-49%,14%,-10%,,,,,yes
